{
    "id": "http://www.maqetta.org/clipart/Blackberry",
    "name": "Blackberry",
    "spec": "1.0",
    "version": "1.0",
    "library": {
        "clipart": {
            "src": "../../../clipart"
        },
        "dojo": {
            "src": "../../../dojo/dojo.js"
        }
    },
    "require": [
        {
            "type": "javascript-module",
            "format": "amd",
            "src": "clipart/Blackberry",
            "$library": "clipart"
        },
        {
            "type": "image",
            "src": "Blackberry",
            "$library": "clipart"
        }
    ],
    "property": {
        "orientation": {
            "datatype": "string",
            "option": [
                {
                    "value": "portrait"
                },
                {
                    "value": "landscape"
                }
            ],
            "defaultValue": "portrait",
            "title": "Orientation"
        },
        "preserveAspectRatio": {
            "datatype": "boolean",
            "defaultValue": "true",
            "title": "Preserve aspect ratio"
        }
    },
    "content": "<div></div>",
    "title": {
        "type": "text/html",
        "value": "<p>Clipart icon: Blackberry</p>"
    }
}