{
    "id": "http://www.maqetta.org/clipart/HSplit",
    "name": "HSplit",
    "spec": "1.0",
    "version": "1.0",
    "library": {
        "clipart": {
            "src": "../../../clipart"
        },
        "dojo": {
            "src": "../../../dojo/dojo.js"
        }
    },
    "require": [
        {
            "type": "javascript-module",
            "format": "amd",
            "src": "clipart/HSplit",
            "$library": "clipart"
        },
        {
            "type": "image",
            "src": "HSplit.svg",
            "$library": "clipart"
        }
    ],
    "content": "<img></img>",
    "title": {
        "type": "text/html",
        "value": "<p>Clipart icon: HSplit</p>"
    }
}