{
    "id": "http://www.maqetta.org/clipart/PlaybackControl",
    "name": "PlaybackControl",
    "spec": "1.0",
    "version": "1.0",
    "library": {
        "clipart": {
            "src": "../../../clipart"
        },
        "dojo": {
            "src": "../../../dojo/dojo.js"
        }
    },
    "require": [
        {
            "type": "javascript-module",
            "format": "amd",
            "src": "clipart/PlaybackControl",
            "$library": "clipart"
        },
        {
            "type": "image",
            "src": "PlaybackControl.svg",
            "$library": "clipart"
        }
    ],
    "content": "<img></img>"
}
