{
    "id": "http://dojotoolkit.org/dojox/widget/ColorPicker",
    "name": "dojox.widget.ColorPicker",
    "spec": "1.0",
    "version": "1.0",
    "require": [
        {
            "type": "css",
            "src": "dojox/widget/ColorPicker/ColorPicker.css",
            "$library": "dojo"
        },
        {
            "type": "javascript-module",
            "format": "amd",
            "src": "dojox/widget/ColorPicker",
            "$library": "dojo"
        }
    ],
    "library": {
        "dojo": {
            "src": "../../../dojo/dojo.js"
        }
    },
    "property": {
        "type": {
            "datatype": "string",
            "defaultValue": "text",
            "hidden": true
        },
        "name": {
            "datatype": "string",
            "title": "Name"
        },
        "alt": {
            "datatype": "string",
            "hidden": true
        },
        "value": {
            "datatype": "string",
            "title": "Value"
        },
        "tabIndex": {
            "datatype": "string",
            "defaultValue": "0",
            "title": "Tab Index"
        },
        "disabled": {
            "datatype": "boolean",
            "title": "Disabled"
        },
        "readOnly": {
            "datatype": "boolean",
            "hidden": true
        },
        "intermediateChanges": {
            "datatype": "boolean",
            "hidden": true
        },
        "showRgb": {
            "datatype": "boolean",
            "defaultValue": true,
            "title": "Show RBG"
        },
        "showHsv": {
            "datatype": "boolean",
            "defaultValue": true,
            "title": "Show HSV"
        },
        "showHex": {
            "datatype": "boolean",
            "defaultValue": true,
            "title": "Show Hex"
        },
        "webSafe": {
            "datatype": "boolean",
            "defaultValue": true,
            "title": "Web Safe"
        },
        "animatePoint": {
            "datatype": "boolean",
            "defaultValue": true,
            "title": "Animate Point"
        },
        "slideDuration": {
            "datatype": "number",
            "defaultValue": 250,
            "title": "Slide Duration"
        },
        "liveUpdate": {
            "datatype": "boolean",
            "description": "Set to true to fire onChange in an indeterminate way",
            "hidden": false
        },
        "scrollOnFocus": {
            "datatype": "boolean",
            "description": "On focus, should this widget scroll into view?",
            "hidden": false
        }
    },
    "content": "<span></span>",
    "title": {
        "type": "text/html",
        "value": "<p>a HSV color picker - similar to Photoshop picker</p>"
    },
    "description": {
        "type": "text/html",
        "value": "<p>Provides an interactive HSV ColorPicker similar to\nPhotoShop&#39;s color selction tool. This is an enhanced\nversion of the default dijit.ColorPalette, though provides\nno accessibility.</p>"
    },
    "examples": {
        "type": "text/html",
        "value": "<pre><code>var picker = new dojox.widget.ColorPicker({\n    // a couple of example toggles:\n    animatePoint:false,\n    showHsv: false,\n    webSafe: false,\n    showRgb: false\n});</code></pre>\n<pre><code>&lt;!-- markup: --&gt;\n&lt;div dojoType=&quot;dojox.widget.ColorPicker&quot;&gt;&lt;/div&gt;</code></pre>"
    }
}