{
    "id": "http://dojotoolkit.org/dijit/layout/TabContainer",
    "name": "dijit.layout.TabContainer",
    "spec": "1.0",
    "version": "1.0",
    "require": [
        {
            "type": "javascript-module",
            "format": "amd",
            "src": "dijit/layout/TabContainer",
            "$library": "dojo"
        }
    ],
    "library": {
        "dojo": {
            "src": "../../../dojo/dojo.js"
        }
    },
    "property": {
        "doLayout": {
            "datatype": "boolean",
            "defaultValue": true,
            "hidden": true
        },
        "tabPosition": {
            "datatype": "string",
            "defaultValue": "top",
            "option": [
                {
                    "value": "top"
                },
                {
                    "value": "bottom"
                },
                {
                    "value": "left-h"
                },
                {
                    "value": "right-h"
                }
            ],
            "title": "Tab Position"
        },
        "nested": {
            "datatype": "string",
            "title": "Nested"
        },
        "tabStrip": {
            "datatype": "boolean",
            "description": "Defines whether the tablist gets an extra class for layouting, putting a border/shading\naround the set of tabs."
        },
        "persist": {
            "datatype": "boolean",
            "description": "Remembers the selected child across sessions"
        },
        "selectedChildWidget": {
            "datatype": "object",
            "description": "References the currently selected child widget, if any",
            "hidden": true
        },
        "isContainer": {
            "datatype": "boolean",
            "description": "Just a flag indicating that this widget descends from dijit._Container",
            "defaultValue": true,
            "hidden": true
        },
        "controllerWidget": {
            "datatype": "string",
            "description": "object which implements the controller which is responsible for the tabs and their selection",
            "defaultValue": ""
        }
    },
    "childProperties": {
        "selected": {
            "datatype": "boolean",
            "title": "Selected"
        },
        "closable": {
            "datatype": "boolean",
            "title": "Closable"
        }
    },
    "content": "<span></span>",
    "title": {
        "type": "text/html",
        "value": "<p>A Container with tabs to select each child (only one of which is displayed at a time).</p>"
    },
    "description": {
        "type": "text/html",
        "value": "<p>A TabContainer is a container that has multiple panes, but shows only\none pane at a time.  There are a set of tabs corresponding to each pane,\nwhere each tab has the name (aka title) of the pane, and optionally a close button.\n\n</p>\n<p>See <code>StackContainer.ChildWidgetProperties</code> for details on the properties that can be set on\nchildren of a <code>TabContainer</code>.</p>"
    }
}