{
    "id": "http://dojotoolkit.org/dojox/layout/ExpandoPane",
    "name": "dojox.layout.ExpandoPane",
    "spec": "1.0",
    "version": "1.0",
    "require": [
        {
            "type": "javascript-module",
            "format": "amd",
            "src": "dojox/layout/ExpandoPane",
            "$library": "dojo"
        }
    ],
    "library": {
        "dojo": {
            "src": "../../../dojo/dojo.js"
        }
    },
    "property": {
        "href": {
            "datatype": "string",
            "format": "url",
            "title": "URL"
        },
        "extractContent": {
            "datatype": "boolean",
            "title": "Extract Content"
        },
        "parseOnLoad": {
            "datatype": "boolean",
            "defaultValue": true,
            "title": "Parse On Load"
        },
        "preventCache": {
            "datatype": "boolean",
            "title": "Prevent Cache"
        },
        "preload": {
            "datatype": "boolean",
            "title": "Preload"
        },
        "refreshOnShow": {
            "datatype": "boolean",
            "title": "Refresh On Show"
        },
        "doLayout": {
            "datatype": "string",
            "defaultValue": "auto",
            "hidden": true
        },
        "maxHeight": {
            "datatype": "string",
            "title": "Maximum Height"
        },
        "maxWidth": {
            "datatype": "string",
            "title": "Maximum Width"
        },
        "splitter": {
            "datatype": "string",
            "title": "Render Styles"
        },
        "duration": {
            "datatype": "number",
            "description": "duration to run show/hide animations",
            "defaultValue": "420",
            "hidden": false
        },
        "startExpanded": {
            "datatype": "boolean",
            "description": "Does this widget start in an open (true) or closed (false) state",
            "defaultValue": true,
            "hidden": false
        },
        "isContainer": {
            "datatype": "boolean",
            "description": "Just a flag indicating that this widget will call resize() on\nits children.   _LayoutWidget based widgets check for\n\n\t\tif(!this.getParent || !this.getParent()){\n\nand if getParent() returns false because !parent.isContainer,\nthen they resize themselves on initialization.",
            "defaultValue": true,
            "hidden": true
        }
    },
    "content": "<span></span>",
    "title": {
        "type": "text/html",
        "value": "<p>An experimental collapsing-pane for dijit.layout.BorderContainer</p>"
    },
    "description": {
        "type": "text/html",
        "value": "<p>Works just like a ContentPane inside of a borderContainer. Will expand/collapse on\ncommand, and supports having Layout Children as direct descendants</p>"
    }
}