{
    "id": "http://dojotoolkit.org/dojox/layout/RadioGroup",
    "name": "dojox.layout.RadioGroup",
    "spec": "1.0",
    "version": "1.0",
    "require": [
        {
            "type": "css",
            "src": "dojox/layout/resources/RadioGroup.css",
            "$library": "dojo"
        },
        {
            "type": "javascript-module",
            "format": "amd",
            "src": "dojox/layout/RadioGroup",
            "$library": "dojo"
        }
    ],
    "library": {
        "dojo": {
            "src": "../../../dojo/dojo.js"
        }
    },
    "property": {
        "doLayout": {
            "datatype": "boolean",
            "defaultValue": true,
            "hidden": true
        },
        "duration": {
            "datatype": "number",
            "description": "used for Fade and Slide RadioGroup's, the duration to run the transition animation. does not affect anything in default RadioGroup",
            "hidden": true,
            "defaultValue": 750,
            "title": "Duration"
        },
        "hasButtons": {
            "datatype": "boolean",
            "defaultValue": true,
            "title": "Has Buttons"
        },
        "persist": {
            "datatype": "boolean",
            "description": "Remembers the selected child across sessions\n\n\nBoolean",
            "hidden": false
        },
        "isContainer": {
            "datatype": "boolean",
            "description": "Just a flag indicating that this widget descends from dijit._Container",
            "hidden": true,
            "defaultValue": true
        },
        "buttonClass": {
            "datatype": "string",
            "description": "The full declared className of the Button widget to use for hasButtons",
            "defaultValue": "dojox.layout._RadioButton",
            "hidden": false
        }
    },
    "childProperties": {
        "selected": {
            "datatype": "boolean",
            "title": "Selected"
        },
        "closable": {
            "datatype": "boolean",
            "title": "Closable"
        }
    },
    "content": "<span></span>",
    "title": {
        "type": "text/html",
        "value": "<p>dojox.layout.RadioGroup - an experimental (probably poorly named) Layout widget extending StackContainer\nthat accepts ContentPanes as children, and applies aesthetically pleasing responsive transition animations\nattached to :hover of the Buttons created.</p>"
    }
}