{
    "id": "http://dojotoolkit.org/xide/mobile/Button",
    "name": "xide.mobile.Button",
    "spec": "1.0",
    "version": "1.7",
    "require": [
        {
            "type": "javascript-module",
            "format": "amd",
            "src": "dojox/mobile",
            "$library": "xide"
        },
        {
            "type": "javascript-module",
            "format": "amd",
            "src": "dojox/mobile/deviceTheme",
            "$library": "dojo"
        },
        {
            "type": "javascript-module",
            "format": "amd",
            "src": "dojox/mobile/Button",
            "$library": "dojo"
        },
        {
            "type": "javascript-module",
            "format": "amd",
            "src": "xide/mobile/Button",
            "$library": "xide"
        }
    ],
    "library": {
        "dojo": {
            "src": "../../../dojo/dojo.js"
        }
    },
    "property": {
        "duration": {
            "datatype": "number",
            "defaultValue": 1000
        },
        "label": {
            "datatype": "string"
        },
        "disabled": {
            "datatype": "boolean",
            "defaultValue": true
        },
        "defaultImage": {
            "datatype": "file",
            "defaultValue": "empty.png",
            "custom":{
                "fileType":"image",
                "extensions":"png,jpg,jpeg"
            }
        }
    },
    "content": "<button></button>",
    "title": {
        "type": "text/html",
        "value": "<p>Non-templated BUTTON widget with a thin API wrapper for click \nevents and for setting the label.\n\n</p>\n<p>Buttons can display a label, an icon, or both.\nA label should always be specified (through innerHTML) or the label\nattribute.  It can be hidden via showLabel=false.</p>"
    },
    "examples": {
        "type": "text/html",
        "value": "<pre><code>&lt;button data-dojo-type=&quot;xide/mobile/Button&quot; onClick=&quot;...&quot;&gt;Hello world&lt;/button&gt;</code></pre>"
    }
}