{
    "id": "http://dojotoolkit.org/dijit/form/ComboButton",
    "name": "dijit.form.ComboButton",
    "spec": "1.0",
    "version": "1.0",
    "require": [
        {
            "type": "javascript-module",
            "format": "amd",
            "src": "dijit/form/ComboButton",
            "$library": "dojo"
        },
        {
            "type": "javascript-module",
            "format": "amd",
            "src": "dijit/Menu",
            "$library": "dojo"
        },
        {
            "type": "javascript-module",
            "format": "amd",
            "src": "dijit/MenuItem",
            "$library": "dojo"
        }
    ],
    "library": {
        "dojo": {
            "src": "../../../dojo/dojo.js"
        }
    },
    "property": {
        "type": {
            "datatype": "string",
            "defaultValue": "button",
            "hidden": true
        },
        "name": {
            "datatype": "string",
            "title": "Name"
        },
        "alt": {
            "datatype": "string",
            "hidden": true
        },
        "value": {
            "datatype": "string",
            "title": "Value"
        },
        "dropDown": {
            "datatype": "object",
            "title": "Popup",
            "isData": true
        },
        "tabIndex": {
            "datatype": "string",
            "defaultValue": "0",
            "title": "Tab Index"
        },
        "disabled": {
            "datatype": "boolean",
            "title": "Disabled"
        },
        "readOnly": {
            "datatype": "boolean",
            "hidden": true
        },
        "intermediateChanges": {
            "datatype": "boolean",
            "hidden": true
        },
        "label": {
            "datatype": "string",
            "title": "Label"
        },
        "showLabel": {
            "datatype": "boolean",
            "defaultValue": true,
            "title": "Show Label"
        },
        "iconClass": {
            "datatype": "string",
            "title": "Icon Class"
        },
        "optionsTitle": {
            "datatype": "string",
            "defaultValue": "combo options",
            "description": "Text that describes the options menu (accessibility)",
            "hidden": false
        },
        "dropDownPosition": {
            "datatype": "array",
            "description": "TODO: changes the direction of the arrow and placement of menu.",
            "option": [
                {
                    "value": "[before]"
                },
                {
                    "value": "[after]"
                },
                {
                    "value": "[above]"
                },
                {
                    "value": "[below]"
                }
            ],
            "title": "Dropdown Position",
            "hidden": true
        },
        "scrollOnFocus": {
            "datatype": "boolean",
            "description": "On focus, should this widget scroll into view?",
            "hidden": false,
            "defaultValue": true
        },
        "isContainer": {
            "datatype": "boolean",
            "description": "Just a flag indicating that this widget descends from dijit._Container",
            "hidden": false
        }
    },
    "content": "<span></span>",
    "title": {
        "type": "text/html",
        "value": "<p>A combination button and drop-down button.\nUsers can click one side to &quot;press&quot; the button, or click an arrow\nicon to display the drop down.\n</p>"
    },
    "examples": {
        "type": "text/html",
        "value": "<pre><code>&lt;button data-dojo-type=&quot;dijit/form/ComboButton&quot; onClick=&quot;...&quot;&gt;\n    &lt;span&gt;Hello world&lt;/span&gt;\n    &lt;div data-dojo-type=&quot;dijit/Menu&quot;&gt;...&lt;/div&gt;\n&lt;/button&gt;</code></pre>\n<pre><code>var button1 = new ComboButton({label: &quot;hello world&quot;, onClick: foo, dropDown: &quot;myMenu&quot;});\ndojo.body().appendChild(button1.domNode);</code></pre>"
    }
}