{
    "id": "http://dojotoolkit.org/dijit/form/CurrencyTextBox",
    "name": "dijit.form.CurrencyTextBox",
    "spec": "1.0",
    "version": "1.0",
    "require": [
        {
            "type": "javascript-module",
            "format": "amd",
            "src": "dijit/form/CurrencyTextBox",
            "$library": "dojo"
        }
    ],
    "library": {
        "dojo": {
            "src": "../../../dojo/dojo.js"
        }
    },
    "property": {
        "type": {
            "datatype": "string",
            "option": [
                {
                    "value": "text"
                },
                {
                    "value": "password"
                }
            ],
            "defaultValue": "text",
            "title": "Type"
        },
        "name": {
            "datatype": "string",
            "title": "Name"
        },
        "alt": {
            "datatype": "string",
            "hidden": true
        },
        "value": {
            "datatype": "string",
            "title": "Value",
            "description": "Value to be displayed for example: 12345.67"
        },
        "tabIndex": {
            "datatype": "string",
            "defaultValue": "0",
            "title": "Tab Index"
        },
        "disabled": {
            "datatype": "boolean",
            "title": "Disabled"
        },
        "readOnly": {
            "datatype": "boolean",
            "title": "Read Only"
        },
        "intermediateChanges": {
            "datatype": "boolean",
            "title": "Intermediate Changes"
        },
        "trim": {
            "datatype": "boolean",
            "hidden": true
        },
        "uppercase": {
            "datatype": "boolean",
            "hidden": true
        },
        "lowercase": {
            "datatype": "boolean",
            "hidden": true
        },
        "propercase": {
            "datatype": "boolean",
            "hidden": true
        },
        "maxLength": {
            "datatype": "string",
            "title": "Max Length"
        },
        "required": {
            "datatype": "boolean",
            "title": "Required",
            "hidden": false
        },
        "promptMessage": {
            "datatype": "string",
            "title": "Prompt Message",
            "hidden": false
        },
        "placeHolder": {
            "datatype": "string",
            "description": "User hint to be displayed in edit box if value is not set, example: dddd.cc"
        },
        "invalidMessage": {
            "datatype": "string",
            "defaultValue": "The value entered is not valid.",
            "title": "Invalid Message",
            "hidden": false
        },
        "constraints": {
            "datatype": "json",
            "defaultValue": "\"{\\\"currency\\\":\\\"\\\",\\\"locale\\\":\\\"\\\",\\\"type\\\":\\\"currency\\\"}\"",
            "title": "Constraints",
            "hidden": true
        },
        "tooltipPosition": {
            "datatype": "array",
            "option": [
                {
                    "value": "[before]"
                },
                {
                    "value": "[after]"
                },
                {
                    "value": "[above]"
                },
                {
                    "value": "[below]"
                }
            ],
            "defaultValue": "[]",
            "title": "Tooltip Position",
            "hidden": false
        },
        "rangeMessage": {
            "datatype": "string",
            "defaultValue": "This value is out of range.",
            "title": "Range Message",
            "hidden": false
        },
        "editOptions": {
            "datatype": "json",
            "defaultValue": "\"{\\\"pattern\\\":\\\"#.######\\\"}\"",
            "title": "Edit Options",
            "hidden": true
        },
        "currency": {
            "datatype": "string",
            "title": "Currency",
            "defaultValue": "USD",
            "description": "type of currency, example: USD"
        },
        "regExp": {
            "datatype": "string",
            "description": "regular expression string used to validate the input\nDo not specify both regExp and regExpGen",
            "hidden": true
        },
        "state": {
            "datatype": "string",
            "description": "Shows current state (ie, validation result) of input (Normal, Warning, or Error)",
            "hidden": true
        },
        "scrollOnFocus": {
            "datatype": "boolean",
            "description": "On focus, should this widget scroll into view?",
            "hidden": false,
            "defaultValue": true
        }
    },
    "content": "<input type='text'></input>",
    "title": {
        "type": "text/html",
        "value": "<p>A validating currency textbox</p>"
    },
    "description": {
        "type": "text/html",
        "value": "<p>CurrencyTextBox is similar to <code>dijit/form/NumberTextBox</code> but has a few\nextra features related to currency:\n\n</p>\n<ol>\n<li>After specifying the currency type (american dollars, euros, etc.) it automatically\n sets parse/format options such as how many decimal places to show.</li>\n<li>The currency mark (dollar sign, euro mark, etc.) is displayed when the field is blurred\n but erased during editing, so that the user can just enter a plain number.</li>\n</ol>"
    }
}