{
    "id": "http://dojotoolkit.org/dijit/form/DateTextBox",
    "name": "dijit.form.DateTextBox",
    "spec": "1.0",
    "version": "1.0",
    "require": [
        {
            "type": "javascript-module",
            "format": "amd",
            "src": "dijit/form/DateTextBox",
            "$library": "dojo"
        }
    ],
    "library": {
        "dojo": {
            "src": "../../../dojo/dojo.js"
        }
    },
    "property": {
        "name": {
            "datatype": "string",
            "title": "Name"
        },
        "value": {
            "datatype": "string",
            "format": "date",
            "title": "Value",
            "description": "Enter date in format yyyy-mm-dd"
        },
        "tabIndex": {
            "datatype": "string",
            "defaultValue": "0",
            "title": "Tab Index"
        },
        "disabled": {
            "datatype": "boolean",
            "title": "Disabled"
        },
        "readOnly": {
            "datatype": "boolean",
            "title": "Read Only"
        },
        "intermediateChanges": {
            "datatype": "boolean",
            "title": "Intermediate Changes"
        },
        "trim": {
            "datatype": "boolean",
            "hidden": true
        },
        "uppercase": {
            "datatype": "boolean",
            "hidden": true
        },
        "lowercase": {
            "datatype": "boolean",
            "hidden": true
        },
        "placeHolder": {
            "datatype": "string",
            "description": "hint text that the widget displays inside the input area of empty form fields, such as 'Select date'. "
        },
        "propercase": {
            "datatype": "boolean",
            "hidden": true
        },
        "maxLength": {
            "datatype": "string",
            "title": "Max Length",
            "hidden": true
        },
        "required": {
            "datatype": "boolean",
            "title": "Required",
            "hidden": true
        },
        "promptMessage": {
            "datatype": "string",
            "title": "Prompt Message",
            "hidden": true
        },
        "invalidMessage": {
            "datatype": "string",
            "defaultValue": "The value entered is not valid.",
            "title": "Invalid Message",
            "hidden": true
        },
        "constraints": {
            "datatype": "json",
            "defaultValue": "\"{\\\"locale\\\":\\\"\\\",\\\"selector\\\":\\\"date\\\",\\\"fullYear\\\":true}\"",
            "title": "Constraints",
            "hidden": true
        },
        "tooltipPosition": {
            "datatype": "array",
            "defaultValue": "[]",
            "title": "Tooltip Positions",
            "hidden": true
        },
        "rangeMessage": {
            "datatype": "string",
            "defaultValue": "This value is out of range.",
            "title": "Range Message",
            "hidden": true
        },
        "popupClass": {
            "datatype": "string",
            "hidden": true
        },
        "datePackage": {
            "datatype": "string",
            "description": "JavaScript namespace to find calendar routines.  Uses Gregorian calendar routines at dojo.date, by default.",
            "hidden": true
        },
        "scrollOnFocus": {
            "datatype": "boolean",
            "description": "On focus, should this widget scroll into view?",
            "hidden": false,
            "defaultValue": true
        },
        "state": {
            "datatype": "string",
            "description": "Shows current state (ie, validation result) of input (Normal, Warning, or Error)",
            "hidden": true
        }
    },
    "content": "<input type='text'></input>",
    "title": {
        "type": "text/html",
        "value": "<p>A validating, serializable, range-bound date text box with a drop down calendar</p>"
    },
    "examples": {
        "type": "text/html",
        "value": "<pre><code>new DateTextBox({value: new Date(2009, 0, 20)})</code></pre>\n<pre><code>&lt;input data-dojo-type=&#39;dijit/form/DateTextBox&#39; value=&#39;2009-01-20&#39;&gt;</code></pre>"
    }
}