{
    "id": "http://dojotoolkit.org/dijit/form/NumberTextBox",
    "name": "dijit.form.NumberTextBox",
    "spec": "1.0",
    "version": "1.0",
    "require": [
        {
            "type": "javascript-module",
            "format": "amd",
            "src": "dijit/form/NumberTextBox",
            "$library": "dojo"
        }
    ],
    "library": {
        "dojo": {
            "src": "../../../dojo/dojo.js"
        }
    },
    "property": {
        "type": {
            "datatype": "string",
            "option": [
                {
                    "value": "text"
                },
                {
                    "value": "password"
                }
            ],
            "defaultValue": "text",
            "title": "Type"
        },
        "name": {
            "datatype": "string",
            "title": "Name"
        },
        "alt": {
            "datatype": "string",
            "hidden": true
        },
        "value": {
            "datatype": "string",
            "title": "Value",
            "description": "Number that the widget displays inside the input area of empty form fields, if set the placeHolder is hidden "
            
        },
        "tabIndex": {
            "datatype": "string",
            "defaultValue": "0",
            "title": "Tab Index"
        },
        "disabled": {
            "datatype": "boolean",
            "title": "Disabled"
        },
        "readOnly": {
            "datatype": "boolean",
            "title": "Read Only"
        },
        "intermediateChanges": {
            "datatype": "boolean",
            "title": "Intermediate Changes"
        },
        "trim": {
            "datatype": "boolean",
            "hidden": true
        },
        "uppercase": {
            "datatype": "boolean",
            "hidden": true
        },
        "lowercase": {
            "datatype": "boolean",
            "hidden": true
        },
        "propercase": {
            "datatype": "boolean",
            "hidden": true
        },
        "placeHolder": {
            "datatype": "string",
            "description": "hint text that the widget displays inside the input area of empty form fields, such as 'Integer between -20000 to +20000:'. "
        },
        "maxLength": {
            "datatype": "string",
            "title": "Max Length"
        },
        "required": {
            "datatype": "boolean",
            "title": "Required"
        },
        "promptMessage": {
            "datatype": "string",
            "title": "Prompt Message"
        },
        "invalidMessage": {
            "datatype": "string",
            "defaultValue": "The value entered is not valid.",
            "title": "Invalid Message"
        },
        "constraints": {
            "datatype": "json",
            "defaultValue": "\"{\\\"locale\\\":\\\"\\\"}\"",
            "title": "Constraints",
            "hidden": true
        },
        "tooltipPosition": {
            "datatype": "array",
            "option": [
                {
                    "value": "[before]"
                },
                {
                    "value": "[after]"
                },
                {
                    "value": "[above]"
                },
                {
                    "value": "[below]"
                }
            ],
            "defaultValue": "[]",
            "title": "Tooltip Position"
        },
        "rangeMessage": {
            "datatype": "string",
            "defaultValue": "This value is out of range.",
            "title": "Range Message"
        },
        "editOptions": {
            "datatype": "json",
            "defaultValue": "\"{\\\"pattern\\\":\\\"#.######\\\"}\"",
            "title": "Edit Options",
            "hidden": true
        },
        "scrollOnFocus": {
            "datatype": "boolean",
            "description": "On focus, should this widget scroll into view?",
            "hidden": false,
            "defaultValue": true
        },
        "state": {
            "datatype": "string",
            "description": "Shows current state (ie, validation result) of input (Normal, Warning, or Error)",
            "hidden": true
        }
    },
    "content": "<input type='text'></input>",
    "title": {
        "type": "text/html",
        "value": "<p>A TextBox for entering numbers, with formatting and range checking</p>"
    },
    "description": {
        "type": "text/html",
        "value": "<p>NumberTextBox is a textbox for entering and displaying numbers, supporting\nthe following main features:\n\n</p>\n<ol>\n<li>Enforce minimum/maximum allowed values (as well as enforcing that the user types\n a number rather than a random string)</li>\n<li>NLS support (altering roles of comma and dot as &quot;thousands-separator&quot; and &quot;decimal-point&quot;\n depending on locale).</li>\n<li>Separate modes for editing the value and displaying it, specifically that\n the thousands separator character (typically comma) disappears when editing\n but reappears after the field is blurred.</li>\n<li>Formatting and constraints regarding the number of places (digits after the decimal point)\n allowed on input, and number of places displayed when blurred (see <code>constraints</code> parameter).</li>\n</ol>"
    }
}