{
    "id": "http://dojotoolkit.org/dijit/form/TextBox",
    "name": "dijit.form.TextBox",
    "spec": "1.0",
    "version": "1.0",
    "require": [
        {
            "type": "javascript-module",
            "format": "amd",
            "src": "dijit/form/TextBox",
            "$library": "dojo"
        }
    ],
    "library": {
        "dojo": {
            "src": "../../../dojo/dojo.js"
        }
    },
    "property": {
        "type": {
            "datatype": "string",
            "option": [
                {
                    "value": "text"
                },
                {
                    "value": "password"
                }
            ],
            "defaultValue": "text",
            "title": "Type"
        },
        "name": {
            "datatype": "string",
            "title": "Name"
        },
        "alt": {
            "datatype": "string",
            "hidden": true
        },
        "value": {
            "datatype": "string",
            "title": "Value",
            "description": "text that the widget displays inside the input, note the placeHolder will not be displayed if a value is specified."
        },
        "tabIndex": {
            "datatype": "string",
            "defaultValue": "0",
            "title": "Tab Index"
        },
        "disabled": {
            "datatype": "boolean",
            "title": "Disabled"
        },
        "readOnly": {
            "datatype": "boolean",
            "title": "Read Only"
        },
        "intermediateChanges": {
            "datatype": "boolean",
            "title": "Intermediate Changes"
        },
        "trim": {
            "datatype": "boolean",
            "title": "Trim"
        },
        "uppercase": {
            "datatype": "boolean",
            "title": "Upper Case"
        },
        "lowercase": {
            "datatype": "boolean",
            "title": "Lower Case"
        },
        "propercase": {
            "datatype": "boolean",
            "title": "Proper Case"
        },
        "maxLength": {
            "datatype": "string",
            "title": "Max Length"
        },
        "selectOnClick": {
            "datatype": "boolean",
            "defaultValue": "false"
        },
        "placeHolder": {
            "datatype": "string",
            "description": "hint text that the widget displays inside the input area of empty form fields, such as 'Your Name'. "
        },
        "scrollOnFocus": {
            "datatype": "boolean",
            "description": "On focus, should this widget scroll into view?",
            "hidden": false,
            "defaultValue": true
        }
    },
    "content": "<input type='text'></input>",
    "title": {
        "type": "text/html",
        "value": "<p>A base class for textbox form inputs</p>"
    }
}