{
    "id": "http://dojotoolkit.org/dijit/form/TimeTextBox",
    "name": "dijit.form.TimeTextBox",
    "spec": "1.0",
    "version": "1.0",
    "require": [
        {
            "type": "javascript-module",
            "format": "amd",
            "src": "dijit/form/TimeTextBox",
            "$library": "dojo"
        }
    ],
    "library": {
        "dojo": {
            "src": "../../../dojo/dojo.js"
        }
    },
    "property": {
        "name": {
            "datatype": "string",
            "title": "Name"
        },
        "alt": {
            "datatype": "string",
            "hidden": true
        },
        "value": {
            "datatype": "string",
            "format": "time",
            "title": "Value",
            "description": "Enter time in format THH:MM:SS"
        },
        "tabIndex": {
            "datatype": "string",
            "defaultValue": "0",
            "title": "Tab Index"
        },
        "disabled": {
            "datatype": "boolean",
            "title": "Disabled"
        },
        "readOnly": {
            "datatype": "boolean",
            "title": "Read Only"
        },
        "intermediateChanges": {
            "datatype": "boolean",
            "title": "Intermediate Changes"
        },
        "trim": {
            "datatype": "boolean",
            "hidden": true
        },
        "uppercase": {
            "datatype": "boolean",
            "hidden": true
        },
        "lowercase": {
            "datatype": "boolean",
            "hidden": true
        },
    	"placeHolder": {
            "datatype": "string",
            "description": "hint text that the widget displays inside the input area of empty form fields, such as 'Select time'. "
        },
        "propercase": {
            "datatype": "boolean",
            "hidden": true
        },
        "maxLength": {
            "datatype": "string",
            "title": "Max Length"
        },
        "required": {
            "datatype": "boolean",
            "title": "Required",
            "hidden": true
        },
        "promptMessage": {
            "datatype": "string",
            "title": "Prompt Message",
            "hidden": true
        },
        "invalidMessage": {
            "datatype": "string",
            "defaultValue": "The value entered is not valid.",
            "title": "Invalid Message",
            "hidden": true
        },
        "constraints": {
            "datatype": "json",
            "defaultValue": "\"{\\\"locale\\\":\\\"\\\",\\\"selector\\\":\\\"time\\\",\\\"fullYear\\\":true}\"",
            "title": "Constraints",
            "hidden": true
        },
        "tooltipPosition": {
            "datatype": "array",
            "defaultValue": "[]",
            "title": "Tooltip Positions",
            "hidden": true
        },
        "rangeMessage": {
            "datatype": "string",
            "defaultValue": "This value is out of range.",
            "title": "Range Message",
            "hidden": true
        },
        "popupClass": {
            "datatype": "string",
            "hidden": false
        },
        "datePackage": {
            "datatype": "string",
            "description": "JavaScript namespace to find calendar routines.  Uses Gregorian calendar routines\nat dojo.date, by default.",
            "hidden": false
        },
        "scrollOnFocus": {
            "datatype": "boolean",
            "description": "On focus, should this widget scroll into view?",
            "hidden": false,
            "defaultValue": true
        },
        "state": {
            "datatype": "string",
            "description": "Shows current state (ie, validation result) of input (Normal, Warning, or Error)",
            "hidden": true
        }
    },
    "content": "<input type='text'></input>",
    "title": {
        "type": "text/html",
        "value": "<p>A validating, serializable, range-bound time text box with a drop down time picker</p>"
    }
}