{
	"id": "http://www.w3.org/html/a",
	"name": "html.a",
	"spec": "1.0",
	"version": "1.0",
	"property": {
		"href": {
			"datatype": "string",
			"format": "url",
		},
		"target": {
			"datatype": "string",
			"option": [
				{
					"value": ""
				},
				{
					"value": "_blank"
				},
				{
					"value": "_parent"
				},
				{
					"value": "_self"
				},
				{
					"value": "_top"
				}
			],
			"defaultValue": "_self",
			"unconstrained": "true"
		}
	},
	"content": "<a></a>",
	"title": {
		"type": "text/html",
		"value": "<p>HTML hyperlink or HTML anchor element.</p>"
	},
	"description": {
		"type": "text/html",
		"value": "<p>If the a element has an href attribute, then it represents a hyperlink (a hypertext anchor) labeled by its contents.</p><p>If the a element has no href attribute, then the element represents a placeholder for where a link might otherwise have been placed, if it had been relevant, consisting of just the element's contents.</p>"
	}
}