{
    "id": "http://www.w3.org/html/body",
    "name": "html.body",
    "spec": "1.0",
    "version": "1.0",
    "require": [
        {
            "type": "javascript",
            "src": "dojo/dojo.js",
            "$library": "dojo"
        },
        {
            "type": "javascript-module",
            "format": "amd",
            "src": "maqetta/space"
        },
        {
            "type": "javascript-module",
            "format": "amd",
            "src": "maqetta/AppStates"
        }
    ],
    "library": {
        "dojo": {
            "src": "../../../dojo"
        },
        "maqetta": {
            "src": ""
        }
    },
    "content": "",
	"title": {
		"type": "text/html",
		"value": "<p>The HTML body element represents the main content of the document.</p>"
	}
}