{
	"id": "http://www.w3.org/html/col",
	"name": "html.col",
	"spec": "1.0",
	"version": "1.0",
	"property": {	
		"align": {
			"datatype": "string",
			"option": [
				{
					"value": ""
				},
				{
					"value": "left"
				},
				{
					"value": "right"
				},
				{
					"value": "center"
				},
				{
					"value": "justify"
				},
				{
					"value": "char"
				}
			],
			"defaultValue": "center",
			"description": "Not supported in HTML5.",
			"hidden": "true"
		},
		"char": {
			"datatype": "character",
			"description": "Not supported in HTML5.",
			"hidden": true
		},
		"charoff": {
			"datatype": "number",
			"description": "Not supported in HTML5.",
			"hidden": true
		},
		"span": {
			"datatype": "number",
			"description": "Specifies the number of columns a <col> element should span",
			"hidden": true
		},
		"valign": {
			"datatype": "string",
			"option": [
				{
					"value": ""
				},
				{
					"value": "top"
				},
				{
					"value": "middle"
				},
				{
					"value": "bottom"
				},
				{
					"value": "baseline"
				}
			],
			"defaultValue": "middle",
			"description": "Not supported in HTML5.",
			"hidden": true
		},
		"width": {
			"datatype": "string",
			"description": "Not supported in HTML5.",
			"hidden": true
		}
	},
	"content": "<col></col>",
	"title": {
		"type": "text/html",
		"value": "<p>HTML col element (for setting properties on a table column).</p>"
	},
	"description": {
		"type": "text/html",
		"value": "<p>If a col element has a parent and that is a colgroup element that itself has a parent that is a table element, then the col element represents one or more columns in the column group represented by that colgroup.</p>"
	}
}