{
	"id": "http://www.w3.org/html/fieldset",
	"name": "html.fieldset",
	"spec": "1.0",
	"version": "1.0",
	"property": {
		"disabled": {
			"datatype": "boolean",
			"description": "Specifies that a button should be disabled"
		},
		"name": {
			"datatype": "string",
			"description": "Specifies a name for the button"
		}
	},
	"content": "<fieldset></fieldset>",
	"title": {
		"type": "text/html",
		"value": "<p>A visual container typically used to surround a set of form fields.</p>"
	},
	"description": {
		"type": "text/html",
		"value": "<p>A fieldset element's rendered legend, if any, is expected to be rendered over the top border edge of the fieldset element as a 'block' box (overriding any explicit 'display' value).</p>"
	}
}