{
	"id": "http://www.w3.org/html/form",
	"name": "html.form",
	"spec": "1.0",
	"version": "1.0",
	"property": {
		"accept-charset": {
			"datatype": "string",
			"hidden": "true",
			"description": "Specifies a list of character encodings that the server accepts"
		},
		"action": {
			"datatype": "string",
			"format": "url",
			"hidden": "true",
			"description": "Specifies where to send the form-data when a form is submitted"
		},
		"autocomplete": {
			"datatype": "string",
			"option": [
				{
					"value": "on"
				},
				{
					"value": "off"
				}
			],
			"defaultValue": "on",
			"description": "Specifies whether a form should have autocomplete on or off"
		},
		"enctype": {
			"datatype": "string",
			"option": [
				{
					"value": "application/x-www-form-urlencoded"
				},
				{
					"value": "multipart/form-data"
				},
				{
					"value": "text/plain"
				}
			],
			"defaultValue": "application/x-www-form-urlencoded",
			"hidden": "true",
			"description": "Specifies how the form-data should be encoded when submitting it to the server (only for method=\"post\")"
		},
		"method": {
			"datatype": "string",
			"option": [
				{
					"value": "get"
				},
				{
					"value": "post"
				}
			],
			"defaultValue": "get",
			"hidden": "true",
			"description": "Specifies the HTTP method to use when sending form-data"
		},
		"name": {
			"datatype": "string",
			"description": "Specifies the name of a form"
		},
		"novalidate": {
			"datatype": "boolean",
			"hidden": "true",
			"description": "Specifies that the form should not be validated when submitted"
		},
		"target": {
			"datatype": "string",
			"option": [
				{
					"value": "_blank"
				},
				{
					"value": "_parent"
				},
				{
					"value": "_self"
				},
				{
					"value": "_top"
				}
			],
			"defaultValue": "_self",
			"hidden": "true",
			"description": "Specifies where to display the response that is received after submitting the form"
		}
	},
	"content": "<form></form>",
	"title": {
		"type": "text/html",
		"value": "<p>The HTML form element represents a collection of form-associated elements, some of which can represent editable values that can be submitted to a server for processing.</p>"
	}
}