{
	"id": "http://www.w3.org/html/iframe",
	"name": "html.iframe",
	"spec": "1.0",
	"version": "1.0",
	"property": {
		"name": {
			"datatype": "string",
		},
		"src": {
			"datatype": "string",
			"format": "url",
		},
		"alt": {
			"datatype": "string",
		}
	},
	"content": "<iframe></iframe>",
	"title": {
		"type": "text/html",
		"value": "<p>HTML element for embedding a complete web document (e.g., another HTML file) inside the current document.</p>"
	},
	"description": {
		"type": "text/html",
		"value": "<p>The iframe element represents a nested browsing context.</p><p>The src attribute gives the address of a page that the nested browsing context is to contain. The attribute, if present, must be a valid non-empty URL potentially surrounded by spaces.</p>"
	}
}