{
	"id": "http://www.w3.org/html/legend",
    "name": "html.legend",
    "spec": "1.0",
    "version": "1.0",
	"content": "<legend></legend>",
	"title": {
		"type": "text/html",
		"value": "<p>HTML block-level container element.</p>"
	},
	"description": {
		"type": "text/html",
		"value": "<p>The div element has no special meaning at all. It represents its children. It can be used with the class, lang, and title attributes to mark up semantics common to a group of consecutive elements.</p>"
	},
	"title": {
		"type": "text/html",
		"value": "<p>The HTML legend element is typically used as a child of a fieldset element, in which case it represents the title or caption for the fieldset.</p>"
	}
}