{
	"id": "http://www.w3.org/html/optgroup",
	"name": "html.optgroup",
	"spec": "1.0",
	"version": "1.0",
	"property": {
		"disabled": {
			"datatype": "boolean",
			"description": "Specifies that an option-group should be disabled"
		},
		"label": {
			"datatype": "string",
			"description": "Specifies that an option-group should be disabled"
	   }
	},
	"content": "<optgroup></optgroup>",
	"title": {
		"type": "text/html",
		"value": "<p>The HTML optgroup element represents a group of option elements with a common label. The optgroup is sometimes used to represent nested menus.</p>"
	}
}