{
	"id": "http://www.w3.org/html/option",
	"name": "html.option",
	"spec": "1.0",
	"version": "1.0",
	"property": {
		"disabled": {
			"datatype": "boolean",
			"description": "Specifies that an option should be disabled"
		},
		"label": {
			"datatype": "string",
			"description": "Specifies a shorter label for an option",
			"hidden": "true"
		},
		"selected": {
			"datatype": "boolean",
			"description": "Specifies that an option should be disabled"
		},
		"value": {
			"datatype": "string",
			"description": "Specifies that an option should be pre-selected when the page loads"
		}
	},
	"content": "<option></option>",
	"title": {
		"type": "text/html",
		"value": "<p>The HTML option element represents an option in a select element or as part of a list of suggestions in a datalist element.</p>"
	}
}