{
	"id": "http://www.ibm.com/davinci/richtext",
	"name": "html.richtext",
	"spec": "1.0",
	"version": "1.0",
	"content": "<div></div>",
	"title": {
		"type": "text/html",
		"value": "<p>Rich text container, typically used for easy creation of an arbitrary block of richly formatted HTML content. Allow easy creation of multiple lines of formatted text and/or lists (bulleted or numbered).</p>"
	},
	"description": {
		"type": "text/html",
		"value": "<p>When initially creating a RichText widget, or re-editing the content, a rich text editing control will appear.</p>"
	}
}