{
	"id": "http://www.ibm.com/davinci/stickynote",
	"name": "html.stickynote",
	"spec": "1.0",
	"version": "1.0",
	"content": "<div></div>",
	"title": {
		"type": "text/html",
		"value": "<p>Overlay annotation (\"sticky notes\") containing rich text content. Allow easy creation of multiple lines of formatted text and/or lists (bulleted or numbered).</p>"
	},
	"description": {
		"type": "text/html",
		"value": "<p>When initially creating a StickyNote widget, or re-editing the content, a rich text editing control will appear.</p>"
	}
}