{
	"id": "http://www.w3.org/html/td",
	"name": "html.td",
	"spec": "1.0",
	"version": "1.0",
	"property": {
		"abbr": {
			"datatype": "string",
			"description": "Not supported in HTML5.",
			"hidden": true
		},
		"align": {
			"datatype": "string",
			"option": [
				{
					"value": ""
				},
				{
					"value": "left"
				},
				{
					"value": "right"
				},
				{
					"value": "center"
				},
				{
					"value": "justify"
				},
				{
					"value": "char"
				}
			],
			"defaultValue": "center",
			"description": "Not supported in HTML5.",
			"hidden": "true"
		},
		"axis": {
			"datatype": "string",
			"description": "Not supported in HTML5.",
			"hidden": true
		},
		"char": {
			"datatype": "character",
			"description": "Not supported in HTML5.",
			"hidden": true
		},
		"charoff": {
			"datatype": "number",
			"description": "Not supported in HTML5.",
			"hidden": true
		},
		"colspan": {
			"datatype": "number",
			"description": "Specifies the number of columns a cell should span.",
			"hidden": true
		},
		"headers": {
			"datatype": "string",
			"description": "Specifies one or more header cells a cell is related to.",
			"hidden": "true"
		},
		"height": {
			"datatype": "string",
			"description": "Not supported in HTML5.",
			"hidden": true
		},
		"nowrap": {
			"datatype": "string",
			"option": [
				{
					"value": ""
				},
				{
					"value": "nowrap"
				}
			],
			"defaultValue": "",
			"description": "Not supported in HTML5.",
			"hidden": true
		},
		"rowspan": {
			"datatype": "number",
			"description": "Specifies the number of rows a cell should span.",
			"hidden": true
		},
		"scope": {
			"datatype": "string",
			"option": [
				{
					"value": ""
				},
				{
					"value": "col"
				},
				{
					"value": "colgroup"
				},
				{
					"value": "row"
				},
				{
					"value": "rowgroup"
				}
			],
			"defaultValue": "",
			"description": "Not supported in HTML5.",
			"hidden": true
		},
		"valign": {
			"datatype": "string",
			"option": [
				{
					"value": ""
				},
				{
					"value": "top"
				},
				{
					"value": "middle"
				},
				{
					"value": "bottom"
				},
				{
					"value": "baseline"
				}
			],
			"defaultValue": "middle",
			"description": "Not supported in HTML5.",
			"hidden": true
		},
		"width": {
			"datatype": "string",
			"description": "Not supported in HTML5.",
			"hidden": true
		}
	},
	"content": "<td></td>",
	"title": {
		"type": "text/html",
		"value": "<p>The HTML td element represents a data cell within an HTML table.</p>"
	}
}