{
	"id": "http://www.w3.org/html/label",
	"name": "html.label",
	"spec": "1.0",
	"version": "1.0",
	"property": {
		"autofocus": {
			"datatype": "boolean",
			"description": "Specifies that a text area should automatically get focus when the page loads"
		},
		"cols": {
			"datatype": "number",
			"description": "Specifies the visible width of a text area"
		},
		"disabled": {
			"datatype": "boolean",
			"description": "Specifies that a text area should be disabled"
		},
		"maxlength": {
			"datatype": "number",
			"description": "Specifies the maximum number of characters allowed in the text area"
		},
		"name": {
			"datatype": "string",
			"description": "Specifies a name for the text area"
		},
		"placeholder": {
			"datatype": "string",
			"description": "Specifies a short hint that describes the expected value of a text area"
		},
		"readonly": {
			"datatype": "boolean",
			"description": "Specifies that a text area should be read-only"
		},
		"required": {
			"datatype": "boolean",
			"description": "Specifies that a text area is required/must be filled out"
		},
		"rows": {
			"datatype": "number",
			"description": "Specifies the visible number of lines in a text area"
		},
		"wrap": {
			"datatype": "string",
			"option": [
				{
					"value": "hard"
				},
				{
					"value": "soft"
				}
			],
			"defaultValue": "soft",
			"description": "Specifies how the text in a text area is to be wrapped when submitted in a form"
		}
	},
	"content": "<textarea></textarea>",
	"title": {
		"type": "text/html",
		"value": "<p>The HTML textarea element represents a multiline plain text edit control</p>"
	}
}