{
	"id": "http://www.w3.org/html/thead",
	"name": "html.thead",
	"spec": "1.0",
	"version": "1.0",
	"property": {
		"align": {
			"datatype": "string",
			"option": [
				{
					"value": ""
				},
				{
					"value": "left"
				},
				{
					"value": "right"
				},
				{
					"value": "center"
				},
				{
					"value": "justify"
				},
				{
					"value": "char"
				}
			],
			"defaultValue": "center",
			"description": "Not supported in HTML5.",
			"hidden": "true"
		},
		"char": {
			"datatype": "character",
			"description": "Not supported in HTML5.",
			"hidden": true
		},
		"charoff": {
			"datatype": "number",
			"description": "Not supported in HTML5.",
			"hidden": true
		},
		"valign": {
			"datatype": "string",
			"option": [
				{
					"value": ""
				},
				{
					"value": "top"
				},
				{
					"value": "middle"
				},
				{
					"value": "bottom"
				},
				{
					"value": "baseline"
				}
			],
			"defaultValue": "middle",
			"description": "Not supported in HTML5.",
			"hidden": true
		}
	},
	"content": "<thead></thead>",
	"title": {
		"type": "text/html",
		"value": "<p>The HTML tfoot element represents the block of rows that consist of the column labels (headers) for the parent table element.</p>"
	}
}