{
	"id": "http://www.w3.org/html/video",
	"name": "html.video",
	"spec": "1.0",
	"version": "1.0",
	"property": {
		"autoplay": {
			"datatype": "boolean",
			"description": "Specifies that the video will start playing as soon as it is ready"
		},
		"controls": {
			"datatype": "boolean",
			"description": "Specifies that video controls should be displayed (such as a play/pause button etc)."
		},
		"height": {
			"datatype": "string",
			"description": "Sets the height of the video player",
			"hidden": true
		},	
		"loop": {
			"datatype": "boolean",
			"description": "Specifies that the video will start over again, every time it is finished"
		},
		"muted": {
			"datatype": "boolean",
			"description": "Specifies that the audio output of the video should be muted"
		},
		"poster": {
			"datatype": "string",
			"format": "url",
			"description": "Specifies an image to be shown while the video is downloading, or until the user hits the play button"
		},
		"preload": {
			"datatype": "string",
			"option": [
				{
					"value": "auto"
				},
				{
					"value": "metadata"
				},
				{
					"value": "none"
				}
			],
			"defaultValue": "auto",
			"description": "Specifies if and how the author thinks the video should be loaded when the page loads",
		},
		"src": {
			"datatype": "string",
			"format": "url",
			"description": "Specifies the URL of the video file",
			"hidden": "true"
		},
		"width": {
			"datatype": "string",
			"description": "Sets the width of the video player",
			"hidden": true
		}	 
	},
	"content": "<video></video>",
	"title": {
		"type": "text/html",
		"value": "<p>An HTML video element represents a video stream.</p>"
	}
}