{
    "id": "http://dojotoolkit.org/dojox/wire/ml/DataProperty",
    "name": "dojox.wire.ml.DataProperty",
    "spec": "1.0",
    "version": "1.0",
    "require": [
        {
            "type": "javascript-module",
            "format": "amd",
            "src": "dojox/wire/ml/Data",
            "$library": "dojo"
        }
    ],
    "library": {
        "dojo": {
            "src": "../../../../dojo/dojo.js"
        }
    },
    "property": {
        "name": {
            "datatype": "string",
            "title": "Name"
        },
        "type": {
            "datatype": "string",
            "defaultValue": "string",
            "option": [
                {
                    "value": "string"
                },
                {
                    "value": "number"
                },
                {
                    "value": "boolean"
                },
                {
                    "value": "array"
                },
                {
                    "value": "object"
                },
                {
                    "value": "element"
                }
            ],
            "title": "Type"
        },
        "value": {
            "datatype": "string",
            "title": "Value"
        }
    },
    "content": "<span></span>"
}