{
    "id": "http://dojotoolkit.org/dojox/data/AtomReadStore",
    "name": "dojox.data.AtomReadStore",
    "spec": "1.0",
    "version": "1.0",
    "require": [
        {
            "type": "javascript-module",
            "format": "amd",
            "src": "dojox/data/AtomReadStore",
            "$library": "dojo"
        }
    ],
    "library": {
        "dojo": {
            "src": "../../../dojo/dojo.js"
        }
    },
    "property": {
        "jsId": {
            "datatype": "string",
            "title": "Variable Name"
        },
        "url": {
            "datatype": "string",
            "format": "url",
            "title": "URL"
        },
        "unescapeHTML": {
            "datatype": "boolean",
            "defaultValue": false,
            "title": "Un-escape HTML"
        },
        "sendQuery": {
            "datatype": "boolean",
            "defaultValue": false,
            "title": "Send Additional Query String"
        }
    },
    "content": "<span></span>"
}