{
    "id": "http://dojotoolkit.org/dijit/Dialog",
    "name": "dijit.Dialog",
    "spec": "1.0",
    "version": "1.0",
    "require": [
        {
            "type": "javascript-module",
            "format": "amd",
            "src": "dijit/Dialog",
            "$library": "dojo"
        }
    ],
    "library": {
        "dojo": {
            "src": "../../dojo/dojo.js"
        }
    },
    "property": {
        "href": {
            "datatype": "string",
            "format": "url",
            "title": "URL"
        },
        "extractContent": {
            "datatype": "boolean",
            "title": "Extract Content"
        },
        "parseOnLoad": {
            "datatype": "boolean",
            "defaultValue": true,
            "title": "Parse On Load"
        },
        "preventCache": {
            "datatype": "boolean",
            "title": "Prevent Cache"
        },
        "preload": {
            "datatype": "boolean",
            "title": "Preload"
        },
        "refreshOnShow": {
            "datatype": "boolean",
            "title": "Refresh On Show"
        },
        "doLayout": {
            "datatype": "boolean",
            "defaultValue": false,
            "hidden": true
        },
        "duration": {
            "datatype": "number",
            "defaultValue": 400,
            "title": "Duration"
        },
        "refocus": {
            "datatype": "boolean",
            "defaultValue": true,
            "title": "Refocus"
        },
        "autofocus": {
            "datatype": "boolean",
            "description": "A Toggle to modify the default focus behavior of a Dialog, which\nis to focus on the first dialog element after opening the dialog.\nFalse will disable autofocusing. Default: true"
        },
        "draggable": {
            "datatype": "boolean",
            "description": "Toggles the moveable aspect of the Dialog. If true, Dialog\ncan be dragged by it's title. If false it will remain centered\nin the viewport."
        },
        "content": {
            "datatype": "string",
            "description": "|| DomNode || NodeList || dijit._Widget\nThe innerHTML of the ContentPane.\nNote that the initialization parameter / argument to attr(\"content\", ...)\ncan be a String, DomNode, Nodelist, or _Widget."
        },
        "isContainer": {
            "datatype": "boolean",
            "description": "Just a flag indicating that this widget will call resize() on its children",
            "defaultValue": true,
            "hidden": true
        }
    },
    "content": "<span></span>",
    "title": {
        "type": "text/html",
        "value": "<p>A modal dialog Widget.</p>"
    },
    "description": {
        "type": "text/html",
        "value": "<p>Pops up a modal dialog window, blocking access to the screen\nand also graying out the screen Dialog is extended from\nContentPane so it supports all the same parameters (href, etc.).</p>"
    },
    "examples": {
        "type": "text/html",
        "value": "<pre><code>&lt;div data-dojo-type=&quot;dijit/Dialog&quot; data-dojo-props=&quot;href: &#39;test.html&#39;&quot;&gt;&lt;/div&gt;</code></pre>\n<pre><code>var foo = new Dialog({ title: &quot;test dialog&quot;, content: &quot;test content&quot; };\nfoo.placeAt(win.body());\nfoo.startup();</code></pre>"
    }
}