{
    "id": "http://dojotoolkit.org/dijit/MenuBar",
    "name": "dijit.MenuBar",
    "spec": "1.0",
    "version": "1.0",
    "require": [
        {
            "type": "javascript-module",
            "format": "amd",
            "src": "dijit/MenuBar",
            "$library": "dojo"
        },
        {
            "type": "javascript-module",
            "format": "amd",
            "src": "dijit/PopupMenuBarItem",
            "$library": "dojo"
        },
        {
            "type": "javascript-module",
            "format": "amd",
            "src": "dijit/MenuItem",
            "$library": "dojo"
        }
    ],
    "library": {
        "dojo": {
            "src": "../../dojo/dojo.js"
        }
    },
    "property": {
        "popupDelay": {
            "datatype": "number",
            "defaultValue": 500,
            "title": "Popup Delay"
        },
        "parentMenu": {
            "datatype": "object",
            "description": "pointer to menu that displayed me",
            "hidden": true
        },
        "focusedChild": {
            "datatype": "object",
            "description": "The currently focused child widget, or null if there isn't one",
            "hidden": true
        },
        "tabIndex": {
            "datatype": "number",
            "description": "Tab index of the container; same as HTML tabindex attribute.\nNote then when user tabs into the container, focus is immediately\nmoved to the first item in the container."
        },
        "isContainer": {
            "datatype": "boolean",
            "description": "Just a flag indicating that this widget descends from dijit._Container",
            "defaultValue": true,
            "hidden": true
        }
    },
    "content": "<span></span>",
    "title": {
        "type": "text/html",
        "value": "<p>A menu bar, listing menu choices horizontally, like the &quot;File&quot; menu in most desktop applications</p>"
    }
}