{
    "id": "http://dojotoolkit.org/dijit/PopupMenuBarItem",
    "name": "dijit.PopupMenuBarItem",
    "spec": "1.0",
    "version": "1.0",
    "require": [
        {
            "type": "javascript-module",
            "format": "amd",
            "src": "dijit/PopupMenuBarItem",
            "$library": "dojo"
        }
    ],
    "library": {
        "dojo": {
            "src": "../../dojo/dojo.js"
        }
    },
    "property": {
        "label": {
            "datatype": "string",
            "title": "Label"
        },
        "popup": {
            "datatype": "object",
            "title": "Popup",
            "isData": true
        },
        "iconClass": {
            "datatype": "string",
            "title": "Icon Class"
        },
        "accelKey": {
            "datatype": "string",
            "title": "Shortcut Key",
            "defaultValue": ""
        },
        "disabled": {
            "datatype": "boolean",
            "title": "Disabled"
        }
    },
    "content": "<span></span>",
    "title": {
        "type": "text/html",
        "value": "<p>Item in a MenuBar like &quot;File&quot; or &quot;Edit&quot;, that spawns a submenu when pressed (or hovered)</p>"
    }
}