{
    "id": "http://dojotoolkit.org/dijit/TooltipDialog",
    "name": "dijit.TooltipDialog",
    "spec": "1.0",
    "version": "1.0",
    "require": [
        {
            "type": "javascript-module",
            "format": "amd",
            "src": "dijit/Dialog",
            "$library": "dojo"
        }
    ],
    "library": {
        "dojo": {
            "src": "../../dojo/dojo.js"
        }
    },
    "property": {
        "href": {
            "datatype": "string",
            "format": "url",
            "title": "URL"
        },
        "extractContent": {
            "datatype": "boolean",
            "title": "Extract Content"
        },
        "parseOnLoad": {
            "datatype": "boolean",
            "defaultValue": true,
            "title": "Parse On Load"
        },
        "preventCache": {
            "datatype": "boolean",
            "title": "Prevent Cache"
        },
        "preload": {
            "datatype": "boolean",
            "title": "Preload"
        },
        "refreshOnShow": {
            "datatype": "boolean",
            "title": "Refresh On Show"
        },
        "doLayout": {
            "datatype": "boolean",
            "defaultValue": false,
            "hidden": true
        },
        "autofocus": {
            "datatype": "boolean",
            "description": "A Toggle to modify the default focus behavior of a Dialog, which\nis to focus on the first dialog element after opening the dialog.\nFalse will disable autofocusing. Default: true"
        },
        "content": {
            "datatype": "string",
            "description": "|| DomNode || NodeList || dijit._Widget\nThe innerHTML of the ContentPane.\nNote that the initialization parameter / argument to attr(\"content\", ...)\ncan be a String, DomNode, Nodelist, or _Widget."
        },
        "isContainer": {
            "datatype": "boolean",
            "description": "Just a flag indicating that this widget will call resize() on\nits children.",
            "defaultValue": true,
            "hidden": true
        }
    },
    "content": "<span></span>",
    "title": {
        "type": "text/html",
        "value": "<p>Pops up a dialog that appears like a Tooltip</p>"
    }
}