{
    "id": "http://dojotoolkit.org/dijit/ToolbarSeparator",
    "name": "dijit.ToolbarSeparator",
    "spec": "1.0",
    "version": "1.0",
    "require": [
        {
            "type": "javascript-module",
            "format": "amd",
            "src": "dijit/Toolbar",
            "$library": "dojo"
        }
    ],
    "library": {
        "dojo": {
            "src": "../../dojo/dojo.js"
        }
    },
    "content": "<span></span>",
    "title": {
        "type": "text/html",
        "value": "<p>A spacer between two <code>dijit.Toolbar</code> items</p>"
    }
}