{
    "id": "http://dojotoolkit.org/dojox/mobile/IconItem",
    "name": "dojox.mobile.IconItem",
    "spec": "1.0",
    "version": "1.8",
    "require": [
        {
            "type": "javascript-module",
            "format": "amd",
            "src": "dojox/mobile",
            "$library": "dojo"
        },
        {
            "type": "javascript-module",
            "format": "amd",
            "src": "dojox/mobile/deviceTheme",
            "$library": "dojo"
        },
        {
            "type": "javascript-module",
            "format": "amd",
            "src": "dojox/mobile/CarouselItem",
            "$library": "dojo"
        }
    ],
    "library": {
        "dojo": {
            "src": "../../../dojo/dojo.js"
        }
    },
    "property": {
        "value": {
            "datatype": "string"
        },
        "src": {
            "datatype": "string"
        },
        "headerText": {
            "datatype": "string"
        },
        "footerText": {
            "datatype": "string"
        }
    },
    "content": "<div></div>",
    "title": {
        "type": "text/html",
        "value": "<p>An item of dojox/mobile/Carousel.</p>"
    },
    "description": {
        "type": "text/html",
        "value": "<p>CarouselItem represents an item of dojox/mobile/Carousel. In\ntypical use cases, users do not use this widget alone. Instead,\nit is used in conjunction with the Carousel widget.</p>"
    }
}