{
    "id": "http://dojotoolkit.org/dojox/mobile/Carousel",
    "name": "dojox.mobile.Carousel",
    "spec": "1.0",
    "version": "1.7",
    "require": [
        {
            "type": "javascript-module",
            "format": "amd",
            "src": "dojox/mobile",
            "$library": "dojo"
        },
        {
            "type": "javascript-module",
            "format": "amd",
            "src": "dojox/mobile/deviceTheme",
            "$library": "dojo"
        },
        {
            "type": "javascript-module",
            "format": "amd",
            "src": "dojox/mobile/Carousel",
            "$library": "dojo"
        }
    ],
    "library": {
        "dojo": {
            "src": "../../../dojo/dojo.js"
        }
    },
    "property": {
        "numVisible": {
            "datatype": "number",
            "defaultValue": 3
        },
        "title": {
            "datatype": "string"
        },
        "pageIndicator": {
            "datatype": "boolean",
            "defaultValue": true
        },
        "navButton": {
            "datatype": "boolean",
            "defaultValue": false
        },
        "height": {
            "datatype": "string",
            "defaultValue": "300px"
        }
    },
    "content": "<div></div>",
    "title": {
        "type": "text/html",
        "value": "<p>A carousel widget that manages a list of images.</p>"
    },
    "description": {
        "type": "text/html",
        "value": "<p>The carousel widget manages a list of images that can be\ndisplayed horizontally, and allows the user to scroll through\nthe list and select a single item.\n\n</p>\n<p>This widget itself has no data store support, but there are two\nsubclasses, dojox/mobile/DataCarousel and dojox/mobile/StoreCarousel,\navailable for generating the contents from a data store.\nTo feed data into a Carousel through a dojo/data, use DataCarousel.\nTo feed data into a Carousel through a dojo/store, use StoreCarousel.\n\n</p>\n<p>The Carousel widget loads and instantiates its item contents in\na lazy manner. For example, if the number of visible items\n(see the property numVisible) is 2, the widget creates 4 items, 2 for the\ninitial pane and 2 for the next page, at startup time. If you\nswipe the page to open the second page, the widget creates 2 more\nitems for the third page. If the item to create is a dojo widget,\nits module is dynamically loaded automatically before instantiation.</p>"
    }
}