{
    "id": "http://dojotoolkit.org/dojox/mobile/ContentPane",
    "name": "dojox.mobile.ContentPane",
    "spec": "1.0",
    "version": "1.7",
    "require": [
        {
            "type": "javascript-module",
            "format": "amd",
            "src": "dojox/mobile",
            "$library": "dojo"
        },
        {
            "type": "javascript-module",
            "format": "amd",
            "src": "dojox/mobile/deviceTheme",
            "$library": "dojo"
        },
        {
            "type": "javascript-module",
            "format": "amd",
            "src": "dojox/mobile/ContentPane",
            "$library": "dojo"
        }
    ],
    "library": {
        "dojo": {
            "src": "../../../dojo/dojo.js"
        }
    },
    "property": {
        "href": {
            "datatype": "string"
        },
        "content": {
            "datatype": "string"
        },
        "parseOnLoad": {
            "datatype": "boolean",
            "defaultValue": true
        },
        "prog": {
            "datatype": "boolean",
            "defaultValue": true
        }
    },
    "content": "<div></div>",
    "title": {
        "type": "text/html",
        "value": "<p>A very simple content pane to embed an HTML fragment.</p>"
    },
    "description": {
        "type": "text/html",
        "value": "<p>This widget embeds an HTML fragment and runs the parser. It has\nthe ability to load external content using dojo/_base/xhr. onLoad()\nis called when parsing is done and the content is\nready. Compared with dijit/layout/ContentPane, this widget\nprovides only basic fuctionality, but it is much lighter.</p>"
    }
}