{
    "id": "http://dojotoolkit.org/dojox/mobile/EdgeToEdgeCategory",
    "name": "dojox.mobile.EdgeToEdgeCategory",
    "spec": "1.0",
    "version": "1.7",
    "require": [
        {
            "type": "javascript-module",
            "format": "amd",
            "src": "dojox/mobile",
            "$library": "dojo"
        },
        {
            "type": "javascript-module",
            "format": "amd",
            "src": "dojox/mobile/deviceTheme",
            "$library": "dojo"
        }
    ],
    "library": {
        "dojo": {
            "src": "../../../dojo/dojo.js"
        }
    },
    "property": {
        "label": {
            "datatype": "string",
            "defaultValue": "EdgeToEdgeCategory"
        }
    },
    "content": "<div label='EdgeToEdgeCategory'></div>",
    "title": {
        "type": "text/html",
        "value": "<p>A category header for an edge-to-edge list.</p>"
    }
}