{
    "id": "http://dojotoolkit.org/dojox/mobile/FixedSplitterPane",
    "name": "dojox.mobile.FixedSplitterPane",
    "spec": "1.0",
    "version": "1.7",
    "require": [
        {
            "type": "javascript-module",
            "format": "amd",
            "src": "dojox/mobile",
            "$library": "dojo"
        },
        {
            "type": "javascript-module",
            "format": "amd",
            "src": "dojox/mobile/deviceTheme",
            "$library": "dojo"
        },
        {
            "type": "javascript-module",
            "format": "amd",
            "src": "dojox/mobile/FixedSplitterPane",
            "$library": "dojo"
        }
    ],
    "library": {
        "dojo": {
            "src": "../../../dojo/dojo.js"
        }
    },
    "property": {
        "isContainer": {
            "datatype": "boolean",
            "defaultValue": true
        }
    },
    "content": "<div></div>",
    "title": {
        "type": "text/html",
        "value": "<p>Deprecated widget. Use dojox/mobile/Container instead.</p>"
    }
}