{
    "id": "http://dojotoolkit.org/dojox/mobile/FixedSplitter",
    "name": "dojox.mobile.FixedSplitter",
    "spec": "1.0",
    "version": "1.7",
    "require": [
        {
            "type": "javascript-module",
            "format": "amd",
            "src": "dojox/mobile",
            "$library": "dojo"
        },
        {
            "type": "javascript-module",
            "format": "amd",
            "src": "dojox/mobile/deviceTheme",
            "$library": "dojo"
        },
        {
            "type": "javascript-module",
            "format": "amd",
            "src": "dojox/mobile/FixedSplitter",
            "$library": "dojo"
        }
    ],
    "library": {
        "dojo": {
            "src": "../../../dojo/dojo.js"
        }
    },
    "property": {
        "orientation": {
            "datatype": "string",
            "defaultValue": "H",
            "option": [
                {
                    "value": "H"
                },
                {
                    "value": "V"
                }
            ]
        },
        "variablePane": {
            "datatype": "number",
            "defaultValue": -1
        },
        "screenSizeAware": {
            "datatype": "boolean",
            "defaultValue": false
        }
    },
    "content": "<div></div>",
    "title": {
        "type": "text/html",
        "value": "<p>A layout container that splits the window horizontally or\nvertically.</p>"
    },
    "description": {
        "type": "text/html",
        "value": "<p>FixedSplitter is a very simple container widget that layouts its\nchild DOM nodes side by side either horizontally or\nvertically. An example usage of this widget would be to realize\nthe split view on iPad. There is no visual splitter between the\nchildren, and there is no function to resize the child panes\nwith drag-and-drop. If you need a visual splitter, you can\nspecify a border of a child DOM node with CSS.\n\n</p>\n<p>FixedSplitter has no knowledge of its child widgets.\ndojox/mobile/Container (formerly known as FixedSplitterPane),\ndojox/mobile/Pane, or dojox/mobile/ContentPane can be used as a\nchild widget of FixedSplitter.\n\n</p>\n<ul>\n<li>Use dojox/mobile/Container if your content consists of ONLY\nDojo widgets.</li>\n<li>Use dojox/mobile/Pane if your content is an inline HTML\nfragment (may or may not include Dojo widgets).</li>\n<li>Use dojox/mobile/ContentPane if your content is an external\nHTML fragment (may or may not include Dojo widgets).</li>\n</ul>"
    },
    "examples": {
        "type": "text/html",
        "value": "<pre><code>&lt;div data-dojo-type=&quot;dojox.mobile.FixedSplitter&quot; orientation=&quot;H&quot;&gt;\n    &lt;div data-dojo-type=&quot;dojox.mobile.Pane&quot;\n        style=&quot;width:200px;border-right:1px solid black;&quot;&gt;\n        pane #1 (width=200px)\n    &lt;/div&gt;\n    &lt;div data-dojo-type=&quot;dojox.mobile.Pane&quot;&gt;\n        pane #2\n    &lt;/div&gt;\n&lt;/div&gt;</code></pre>"
    }
}