{
    "id": "http://dojotoolkit.org/dojox/mobile/GridLayout",
    "name": "dojox.mobile.GridLayout",
    "spec": "1.0",
    "version": "1.8",
    "require": [
        {
            "type": "javascript-module",
            "format": "amd",
            "src": "dojox/mobile",
            "$library": "dojo"
        },
        {
            "type": "javascript-module",
            "format": "amd",
            "src": "dojox/mobile/deviceTheme",
            "$library": "dojo"
        },
        {
            "type": "javascript-module",
            "format": "amd",
            "src": "dojox/mobile/GridLayout",
            "$library": "dojo"
        }
    ],
    "library": {
        "dojo": {
            "src": "../../../dojo/dojo.js"
        }
    },
    "property": {
        "cols": {
            "datatype": "number"
        }
    },
    "content": "<div></div>",
    "title": {
        "type": "text/html",
        "value": "<p>A container widget that places its children in a grid layout.</p>"
    }
}