{
    "id": "http://dojotoolkit.org/dojox/mobile/Heading",
    "name": "dojox.mobile.Heading",
    "spec": "1.0",
    "version": "1.7",
    "require": [
        {
            "type": "javascript-module",
            "format": "amd",
            "src": "dojox/mobile",
            "$library": "dojo"
        },
        {
            "type": "javascript-module",
            "format": "amd",
            "src": "dojox/mobile/deviceTheme",
            "$library": "dojo"
        }
    ],
    "library": {
        "dojo": {
            "src": "../../../dojo/dojo.js"
        }
    },
    "property": {
        "back": {
            "datatype": "string"
        },
        "href": {
            "datatype": "string"
        },
        "moveTo": {
            "datatype": "string"
        },
        "transition": {
            "datatype": "string",
            "defaultValue": "slide",
            "option": [
                {
                    "value": "slide"
                },
                {
                    "value": "fade"
                },
                {
                    "value": "flip"
                },
                {
                    "value": "cover"
                },
                {
                    "value": "coverv"
                },
                {
                    "value": "dissolve"
                },
                {
                    "value": "reveal"
                },
                {
                    "value": "revealv"
                },
                {
                    "value": "scaleIn"
                },
                {
                    "value": "scaleOut"
                },
                {
                    "value": "slidev"
                },
                {
                    "value": "swirl"
                },
                {
                    "value": "zoomIn"
                },
                {
                    "value": "zoomOut"
                }
            ]
        },
        "label": {
            "datatype": "string",
            "defaultValue": "Heading"
        },
        "iconBase": {
            "datatype": "string"
        },
        "fixed": {
            "datatype": "string",
            "defaultValue": "",
            "option": [
                {
                    "value": ""
                },
                {
                    "value": "top"
                },
                {
                    "value": "bottom"
                }
            ]
        }
    },
    "content": "<h1 label='Heading'></h1>",
    "title": {
        "type": "text/html",
        "value": "<p>A widget that represents a navigation bar.</p>"
    },
    "description": {
        "type": "text/html",
        "value": "<p>Heading is a widget that represents a navigation bar, which\nusually appears at the top of an application. It usually\ndisplays the title of the current view and can contain a\nnavigational control. If you use it with\ndojox/mobile/ScrollableView, it can also be used as a fixed\nheader bar or a fixed footer bar. In such cases, specify the\nfixed=&quot;top&quot; attribute to be a fixed header bar or the\nfixed=&quot;bottom&quot; attribute to be a fixed footer bar. Heading can\nhave one or more ToolBarButton widgets as its children.</p>"
    }
}