{
    "id": "http://dojotoolkit.org/dojox/mobile/ListItem",
    "name": "dojox.mobile.ListItem",
    "spec": "1.0",
    "version": "1.7",
    "require": [
        {
            "type": "javascript-module",
            "format": "amd",
            "src": "dojox/mobile",
            "$library": "dojo"
        },
        {
            "type": "javascript-module",
            "format": "amd",
            "src": "dojox/mobile/deviceTheme",
            "$library": "dojo"
        }
    ],
    "library": {
        "dojo": {
            "src": "../../../dojo/dojo.js"
        }
    },
    "property": {
        "transition": {
            "datatype": "string",
            "defaultValue": "slide",
            "option": [
                {
                    "value": "slide"
                },
                {
                    "value": "fade"
                },
                {
                    "value": "flip"
                },
                {
                    "value": "cover"
                },
                {
                    "value": "coverv"
                },
                {
                    "value": "dissolve"
                },
                {
                    "value": "reveal"
                },
                {
                    "value": "revealv"
                },
                {
                    "value": "scaleIn"
                },
                {
                    "value": "scaleOut"
                },
                {
                    "value": "slidev"
                },
                {
                    "value": "swirl"
                },
                {
                    "value": "zoomIn"
                },
                {
                    "value": "zoomOut"
                }
            ]
        },
        "transitionDir": {
            "datatype": "number",
            "defaultValue": 1
        },
        "icon": {
            "datatype": "string"
        },
        "iconPos": {
            "datatype": "string"
        },
        "moveTo": {
            "datatype": "string"
        },
        "href": {
            "datatype": "string"
        },
        "hrefTarget": {
            "datatype": "string"
        },
        "callback": {
            "datatype": "string"
        },
        "rightText": {
            "datatype": "string"
        },
        "rightIcon": {
            "datatype": "string"
        },
        "rightIcon2": {
            "datatype": "string"
        },
        "rightIconTitle": {
            "datatype": "string"
        },
        "rightIcon2Title": {
            "datatype": "string"
        },
        "btnClass": {
            "datatype": "string"
        },
        "anchorLabel": {
            "datatype": "boolean",
            "defaultValue": false
        },
        "noArrow": {
            "datatype": "boolean",
            "defaultValue": false
        },
        "selected": {
            "datatype": "boolean",
            "defaultValue": false
        },
        "checked": {
            "datatype": "boolean",
            "defaultValue": false
        },
        "variableHeight": {
            "datatype": "boolean",
            "defaultValue": false
        },
        "header": {
            "datatype": "boolean",
            "defaultValue": false
        }
    },
    "content": "<li></li>",
    "title": {
        "type": "text/html",
        "value": "<p>An item of either RoundRectList or EdgeToEdgeList.</p>"
    },
    "description": {
        "type": "text/html",
        "value": "<p>ListItem represents an item of either RoundRectList or\nEdgeToEdgeList. There are three ways to move to a different view:\nmoveTo, href, and url. You can choose only one of them.\n\n</p>\n<p>A child DOM node (or widget) can have the layout attribute,\nwhose value is &quot;left&quot;, &quot;right&quot;, or &quot;center&quot;. Such nodes will be\naligned as specified.</p>"
    },
    "examples": {
        "type": "text/html",
        "value": "<pre><code>&lt;li data-dojo-type=&quot;dojox.mobile.ListItem&quot;&gt;\n    &lt;div layout=&quot;left&quot;&gt;Left Node&lt;/div&gt;\n    &lt;div layout=&quot;right&quot;&gt;Right Node&lt;/div&gt;\n    &lt;div layout=&quot;center&quot;&gt;Center Node&lt;/div&gt;\n&lt;/li&gt;\n\n Note that even if you specify variableHeight=&quot;true&quot; for the list\n and place a tall object inside the layout node as in the example\n below, the layout node does not expand as you may expect,\n because layout node is aligned using float:left, float:right, or\n position:absolute.</code></pre>\n<pre><code>&lt;li data-dojo-type=&quot;dojox.mobile.ListItem&quot; variableHeight=&quot;true&quot;&gt;\n    &lt;div layout=&quot;left&quot;&gt;&lt;img src=&quot;large-picture.jpg&quot;&gt;&lt;/div&gt;\n&lt;/li&gt;</code></pre>"
    }
}