{
    "id": "http://dojotoolkit.org/dojox/mobile/Pane",
    "name": "dojox.mobile.Pane",
    "spec": "1.0",
    "version": "1.8",
    "require": [
        {
            "type": "javascript-module",
            "format": "amd",
            "src": "dojox/mobile",
            "$library": "dojo"
        },
        {
            "type": "javascript-module",
            "format": "amd",
            "src": "dojox/mobile/deviceTheme",
            "$library": "dojo"
        },
        {
            "type": "javascript-module",
            "format": "amd",
            "src": "dojox/mobile/Pane",
            "$library": "dojo"
        }
    ],
    "library": {
        "dojo": {
            "src": "../../../dojo/dojo.js"
        }
    },
    "content": "<div></div>",
    "title": {
        "type": "text/html",
        "value": "<p>A simple pane widget.</p>"
    },
    "description": {
        "type": "text/html",
        "value": "<p>Pane is a simple general-purpose pane widget.\nIt is a widget, but can be regarded as a simple <code>&lt;div&gt;</code> element.</p>"
    }
}