{
    "id": "http://dojotoolkit.org/dojox/mobile/RoundRectDataList",
    "name": "dojox.mobile.RoundRectDataList",
    "spec": "1.0",
    "version": "1.7",
    "require": [
        {
            "type": "javascript-module",
            "format": "amd",
            "src": "dojox/mobile",
            "$library": "dojo"
        },
        {
            "type": "javascript-module",
            "format": "amd",
            "src": "dojox/mobile/deviceTheme",
            "$library": "dojo"
        },
        {
            "type": "javascript-module",
            "format": "amd",
            "src": "dojox/mobile/RoundRectDataList",
            "$library": "dojo"
        }
    ],
    "library": {
        "dojo": {
            "src": "../../../dojo/dojo.js"
        }
    },
    "property": {
        "transition": {
            "datatype": "string",
            "defaultValue": "slide",
            "option": [
                {
                    "value": "slide"
                },
                {
                    "value": "fade"
                },
                {
                    "value": "flip"
                },
                {
                    "value": "cover"
                },
                {
                    "value": "coverv"
                },
                {
                    "value": "dissolve"
                },
                {
                    "value": "reveal"
                },
                {
                    "value": "revealv"
                },
                {
                    "value": "scaleIn"
                },
                {
                    "value": "scaleOut"
                },
                {
                    "value": "slidev"
                },
                {
                    "value": "swirl"
                },
                {
                    "value": "zoomIn"
                },
                {
                    "value": "zoomOut"
                }
            ]
        },
        "iconBase": {
            "datatype": "string"
        },
        "iconPos": {
            "datatype": "string"
        },
        "select": {
            "datatype": "string",
            "defaultValue": "",
            "option": [
                {
                    "value": ""
                },
                {
                    "value": "single"
                },
                {
                    "value": "multiple"
                }
            ]
        },
        "editable": {
            "datatype": "boolean",
            "defaultValue": false
        },
        "query": {
            "datatype": "json",
            "hidden": true
        },
        "queryOptions": {
            "datatype": "json",
            "hidden": false
        },
        "store": {
            "datatype": "object",
            "hidden": true
        }
    },
    "content": "<ul></ul>",
    "title": {
        "type": "text/html",
        "value": "<p>A dojo/data-enabled version of RoundRectList.</p>"
    },
    "description": {
        "type": "text/html",
        "value": "<p>RoundRectDataList is an enhanced version of RoundRectList. It\ncan generate ListItems according to the given dojo/data store.</p>"
    }
}