{
    "id": "http://dojotoolkit.org/dojox/mobile/RoundRect",
    "name": "dojox.mobile.RoundRect",
    "spec": "1.0",
    "version": "1.7",
    "require": [
        {
            "type": "javascript-module",
            "format": "amd",
            "src": "dojox/mobile",
            "$library": "dojo"
        },
        {
            "type": "javascript-module",
            "format": "amd",
            "src": "dojox/mobile/deviceTheme",
            "$library": "dojo"
        }
    ],
    "library": {
        "dojo": {
            "src": "../../../dojo/dojo.js"
        }
    },
    "property": {
        "shadow": {
            "datatype": "boolean",
            "defaultValue": "false"
        }
    },
    "content": "<div></div>",
    "title": {
        "type": "text/html",
        "value": "<p>A simple round rectangle container.</p>"
    },
    "description": {
        "type": "text/html",
        "value": "<p>RoundRect is a simple round rectangle container for any HTML\nand/or widgets. You can achieve the same appearance by just\napplying the -webkit-border-radius style to a div tag. However,\nif you use RoundRect, you can get a round rectangle even on\nnon-CSS3 browsers such as (older) IE.</p>"
    }
}