{
    "id": "http://dojotoolkit.org/dojox/mobile/ScreenSizeAware",
    "name": "dojox.mobile.ScreenSizeAware",
    "spec": "1.0",
    "version": "1.8",
    "require": [
        {
            "type": "javascript-module",
            "format": "amd",
            "src": "dojox/mobile",
            "$library": "dojo"
        },
        {
            "type": "javascript-module",
            "format": "amd",
            "src": "dojox/mobile/deviceTheme",
            "$library": "dojo"
        },
        {
            "type": "javascript-module",
            "format": "amd",
            "src": "dojox/mobile/ScreenSizeAware",
            "$library": "dojo"
        }
    ],
    "library": {
        "dojo": {
            "src": "../../../dojo/dojo.js"
        }
    },
    "property": {
        "splitterId": {
            "datatype": "string"
        },
        "leftPaneId": {
            "datatype": "string"
        },
        "rightPaneId": {
            "datatype": "string"
        },
        "leftViewId": {
            "datatype": "string"
        },
        "leftListId": {
            "datatype": "string"
        }
    },
    "content": "<span></span>",
    "title": {
        "type": "text/html",
        "value": "<p>A module to make a screen size aware application.</p>"
    },
    "description": {
        "type": "text/html",
        "value": "<p>This module helps you create an application that transforms its\nUI layout according to the screen size. It assumes that the\napplication consists of two horizontally split panes, and the\nleft pane has a list widget. If you place this module in such an\napplication, the application is rendered in split view when the\nscreen size is detected as tablet size, while it is rendered in\nsingle view layout when the screen size is detected as phone size.\n</p>"
    },
    "examples": {
        "type": "text/html",
        "value": "<pre><code>&lt;span data-dojo-type=&quot;dojox.mobile.ScreenSizeAware&quot;&gt;&lt;/span&gt;\n&lt;div data-dojo-type=&quot;dojox.mobile.FixedSplitter&quot; data-dojo-props=&#39;orientation:&quot;H&quot;&#39;&gt;\n  &lt;div data-dojo-type=&quot;dojox.mobile.Container&quot; style=&quot;width:300px;&quot;&gt;\n    &lt;div id=&quot;leftView&quot; data-dojo-type=&quot;dojox.mobile.ScrollableView&quot;&gt;\n      &lt;h1 data-dojo-type=&quot;dojox.mobile.Heading&quot; data-dojo-props=&#39;fixed:&quot;top&quot;&#39;&gt;Left Pane&lt;/h1&gt;\n      &lt;ul data-dojo-type=&quot;dojox.mobile.EdgeToEdgeList&quot; data-dojo-props=&#39;stateful:true&#39;&gt;\n        &lt;li data-dojo-type=&quot;dojox.mobile.ListItem&quot; data-dojo-props=&#39;label:&quot;View1&quot;, moveTo:&quot;view1&quot;&#39;&gt;&lt;/li&gt;\n        ....\n      &lt;/ul&gt;\n    &lt;/div&gt;\n  &lt;/div&gt;\n  &lt;div data-dojo-type=&quot;dojox.mobile.Container&quot;&gt;\n    &lt;div id=&quot;view1&quot; data-dojo-type=&quot;dojox.mobile.ScrollableView&quot;&gt;\n      &lt;h1 data-dojo-type=&quot;dojox.mobile.Heading&quot; data-dojo-props=&#39;fixed:&quot;top&quot;, back:&quot;Home&quot;, moveTo:&quot;leftView&quot;&#39;&gt;Right Pane&lt;/h1&gt;\n      ....\n    &lt;/div&gt;\n  &lt;/div&gt;\n&lt;/div&gt;</code></pre>"
    }
}