{
    "id": "http://dojotoolkit.org/dojox/mobile/ScrollableView",
    "name": "dojox.mobile.ScrollableView",
    "spec": "1.0",
    "version": "1.7",
    "require": [
        {
            "type": "javascript-module",
            "format": "amd",
            "src": "dojox/mobile",
            "$library": "dojo"
        },
        {
            "type": "javascript-module",
            "format": "amd",
            "src": "dojox/mobile/deviceTheme",
            "$library": "dojo"
        },
        {
            "type": "javascript-module",
            "format": "amd",
            "src": "dojo/hash",
            "$library": "dojo"
        },
        {
            "type": "javascript-module",
            "format": "amd",
            "src": "dojox/mobile/ScrollableView",
            "$library": "dojo"
        }
    ],
    "library": {
        "dojo": {
            "src": "../../../dojo/dojo.js"
        }
    },
    "property": {
        "selected": {
            "datatype": "boolean",
            "defaultValue": false
        },
        "keepScrollPos": {
            "datatype": "boolean",
            "defaultValue": true
        },
        "scrollBar": {
            "datatype": "boolean",
            "defaultValue": false
        },
        "scrollDir": {
            "datatype": "string",
            "defaultValue": "v"
        },
        "fadeScrollBar": {
            "datatype": "boolean",
            "defaultValue": true
        },
        "disableFlashScrollBar": {
            "datatype": "boolean",
            "defaultValue": false
        },
        "threshold": {
            "datatype": "number",
            "defaultValue": 4
        }
    },
    "content": "<div></div>",
    "title": {
        "type": "text/html",
        "value": "<p>A container that has a touch scrolling capability.</p>"
    },
    "description": {
        "type": "text/html",
        "value": "<p>ScrollableView is a subclass of View (dojox/mobile/View).\nUnlike the base View class, ScrollableView&#39;s domNode always stays\nat the top of the screen and its height is &quot;100%&quot; of the screen.\nInside this fixed domNode, the containerNode scrolls. The browser&#39;s\ndefault scrolling behavior is disabled, and the scrolling mechanism is\nreimplemented in JavaScript. Thus the user does not need to use the\ntwo-finger operation to scroll the inner DIV (containerNode).\nThe main purpose of this widget is to realize fixed-positioned header\nand/or footer bars.</p>"
    }
}