{
    "id": "http://dojotoolkit.org/dojox/mobile/SpinWheelDatePicker",
    "name": "dojox.mobile.SpinWheelDatePicker",
    "spec": "1.0",
    "version": "1.7",
    "require": [
        {
            "type": "javascript-module",
            "format": "amd",
            "src": "dojox/mobile",
            "$library": "dojo"
        },
        {
            "type": "javascript-module",
            "format": "amd",
            "src": "dojox/mobile/deviceTheme",
            "$library": "dojo"
        },
        {
            "type": "javascript-module",
            "format": "amd",
            "src": "dojox/mobile/SpinWheelDatePicker",
            "$library": "dojo"
        }
    ],
    "library": {
        "dojo": {
            "src": "../../../dojo/dojo.js"
        }
    },
    "content": "<div></div>",
    "title": {
        "type": "text/html",
        "value": "<p>A SpinWheel-based date picker widget.</p>"
    },
    "description": {
        "type": "text/html",
        "value": "<p>SpinWheelDatePicker is a date picker widget. It is a subclass of\ndojox/mobile/SpinWheel. It has three slots: year, month, and day.</p>"
    }
}