{
    "id": "http://dojotoolkit.org/dojox/mobile/SpinWheel",
    "name": "dojox.mobile.SpinWheel",
    "spec": "1.0",
    "version": "1.7",
    "require": [
        {
            "type": "javascript-module",
            "format": "amd",
            "src": "dojox/mobile",
            "$library": "dojo"
        },
        {
            "type": "javascript-module",
            "format": "amd",
            "src": "dojox/mobile/deviceTheme",
            "$library": "dojo"
        },
        {
            "type": "javascript-module",
            "format": "amd",
            "src": "dojox/mobile/SpinWheel",
            "$library": "dojo"
        }
    ],
    "library": {
        "dojo": {
            "src": "../../../dojo/dojo.js"
        }
    },
    "property": {
        "slotClasses": {
            "datatype": "[*]"
        },
        "slotProps": {
            "datatype": "[*]"
        }
    },
    "content": "<div></div>",
    "title": {
        "type": "text/html",
        "value": "<p>A value picker widget that has spin wheels.</p>"
    },
    "description": {
        "type": "text/html",
        "value": "<p>SpinWheel is a value picker component. It is a sectioned wheel\nthat can be used to pick up some values from the wheel slots by\nspinning them.</p>"
    }
}