{
    "id": "http://dojotoolkit.org/dojox/mobile/SpinWheelSlot",
    "name": "dojox.mobile.SpinWheelSlot",
    "spec": "1.0",
    "version": "1.7",
    "require": [
        {
            "type": "javascript-module",
            "format": "amd",
            "src": "dojox/mobile",
            "$library": "dojo"
        },
        {
            "type": "javascript-module",
            "format": "amd",
            "src": "dojox/mobile/deviceTheme",
            "$library": "dojo"
        },
        {
            "type": "javascript-module",
            "format": "amd",
            "src": "dojox/mobile/SpinWheel",
            "$library": "dojo"
        }
    ],
    "library": {
        "dojo": {
            "src": "../../../dojo/dojo.js"
        }
    },
    "property": {
        "labels": {
            "datatype": "array"
        },
        "labelFrom": {
            "datatype": "number"
        },
        "labelTo": {
            "datatype": "number"
        },
        "value": {
            "datatype": "*"
        }
    },
    "content": "<div></div>",
    "title": {
        "type": "text/html",
        "value": "<p>A slot of a SpinWheel.</p>"
    },
    "description": {
        "type": "text/html",
        "value": "<p>SpinWheelSlot is a slot that is placed in the SpinWheel widget.</p>"
    }
}