{
    "id": "http://dojotoolkit.org/dojox/mobile/FlippableView",
    "name": "dojox.mobile.FlippableView",
    "spec": "1.0",
    "version": "1.7",
    "require": [
        {
            "type": "javascript-module",
            "format": "amd",
            "src": "dojox/mobile",
            "$library": "dojo"
        },
        {
            "type": "javascript-module",
            "format": "amd",
            "src": "dojox/mobile/deviceTheme",
            "$library": "dojo"
        },
        {
            "type": "javascript-module",
            "format": "amd",
            "src": "dojo/hash",
            "$library": "dojo"
        },
        {
            "type": "javascript-module",
            "format": "amd",
            "src": "dojox/mobile/SwapView",
            "$library": "dojo"
        }
    ],
    "library": {
        "dojo": {
            "src": "../../../dojo/dojo.js"
        }
    },
    "property": {
        "selected": {
            "datatype": "boolean",
            "defaultValue": false
        }
    },
    "content": "<div></div>",
    "title": {
        "type": "text/html",
        "value": "<p>A container that can be swiped horizontally.</p>"
    },
    "description": {
        "type": "text/html",
        "value": "<p>SwapView is a container widget that represents entire mobile\ndevice screen, and can be swiped horizontally. (In dojo-1.6, it\nwas called &#39;FlippableView&#39;.) SwapView is a subclass of\ndojox/mobile/View. SwapView allows the user to swipe the screen\nleft or right to move between the views. When SwapView is\nswiped, it finds an adjacent SwapView to open.\nWhen the transition is done, a topic &quot;/dojox/mobile/viewChanged&quot;\nis published.</p>"
    }
}