{
    "id": "http://dojotoolkit.org/dojox/mobile/Switch",
    "name": "dojox.mobile.Switch",
    "spec": "1.0",
    "version": "1.7",
    "require": [
        {
            "type": "javascript-module",
            "format": "amd",
            "src": "dojox/mobile",
            "$library": "dojo"
        },
        {
            "type": "javascript-module",
            "format": "amd",
            "src": "dojox/mobile/deviceTheme",
            "$library": "dojo"
        }
    ],
    "library": {
        "dojo": {
            "src": "../../../dojo/dojo.js"
        }
    },
    "property": {
        "value": {
            "datatype": "string",
            "defaultValue": "on"
        },
        "leftLabel": {
            "datatype": "string",
            "defaultValue": "ON"
        },
        "rightLabel": {
            "datatype": "string",
            "defaultValue": "OFF"
        }
    },
    "content": "<div></div>",
    "title": {
        "type": "text/html",
        "value": "<p>A toggle switch with a sliding knob.</p>"
    },
    "description": {
        "type": "text/html",
        "value": "<p>Switch is a toggle switch with a sliding knob. You can either\ntap or slide the knob to toggle the switch. The onStateChanged\nhandler is called when the switch is manipulated.</p>"
    }
}