{
    "id": "http://dojotoolkit.org/dojox/mobile/TimePicker",
    "name": "dojox.mobile.TimePicker",
    "spec": "1.0",
    "version": "1.8",
    "require": [
        {
            "type": "javascript-module",
            "format": "amd",
            "src": "dojox/mobile",
            "$library": "dojo"
        },
        {
            "type": "javascript-module",
            "format": "amd",
            "src": "dojox/mobile/deviceTheme",
            "$library": "dojo"
        },
        {
            "type": "javascript-module",
            "format": "amd",
            "src": "dojox/mobile/TimePicker",
            "$library": "dojo"
        }
    ],
    "library": {
        "dojo": {
            "src": "../../../dojo/dojo.js"
        }
    },
    "property": {},
    "content": "<div></div>",
    "title": {
        "type": "text/html",
        "value": "<p>A wrapper widget around SpinWheelTimePicker or ValuePickerTimePicker.\nReturns ValuePickerTimePicker when the current theme is &quot;android&quot;.\nReturns SpinWheelTimePicker otherwise.</p>"
    }
}