{
    "id": "http://dojotoolkit.org/dojox/mobile/ToolBarButton",
    "name": "dojox.mobile.ToolBarButton",
    "spec": "1.0",
    "version": "1.7",
    "require": [
        {
            "type": "javascript-module",
            "format": "amd",
            "src": "dojox/mobile",
            "$library": "dojo"
        },
        {
            "type": "javascript-module",
            "format": "amd",
            "src": "dojox/mobile/deviceTheme",
            "$library": "dojo"
        }
    ],
    "library": {
        "dojo": {
            "src": "../../../dojo/dojo.js"
        }
    },
    "property": {
        "transition": {
            "datatype": "string",
            "defaultValue": "slide",
            "option": [
                {
                    "value": "slide"
                },
                {
                    "value": "fade"
                },
                {
                    "value": "flip"
                },
                {
                    "value": "cover"
                },
                {
                    "value": "coverv"
                },
                {
                    "value": "dissolve"
                },
                {
                    "value": "reveal"
                },
                {
                    "value": "revealv"
                },
                {
                    "value": "scaleIn"
                },
                {
                    "value": "scaleOut"
                },
                {
                    "value": "slidev"
                },
                {
                    "value": "swirl"
                },
                {
                    "value": "zoomIn"
                },
                {
                    "value": "zoomOut"
                }
            ]
        },
        "transitionDir": {
            "datatype": "number",
            "defaultValue": 1
        },
        "icon": {
            "datatype": "string"
        },
        "iconPos": {
            "datatype": "string"
        },
        "moveTo": {
            "datatype": "string"
        },
        "href": {
            "datatype": "string"
        },
        "hrefTarget": {
            "datatype": "string"
        },
        "callback": {
            "datatype": "string"
        },
        "label": {
            "datatype": "string",
            "defaultValue": "ToolBarButton"
        },
        "selected": {
            "datatype": "boolean",
            "defaultValue": false
        },
        "url": {
            "datatype": "string"
        },
        "urlTarget": {
            "datatype": "string"
        },
        "sync": {
            "datatype": "boolean",
            "defaultValue": false
        },
        "back": {
            "datatype": "boolean",
            "defaultValue": false
        },
        "toogle": {
            "datatype": "boolean",
            "defaultValue": false
        },
        "arrow": {
            "datatype": "string",
            "defaultValue": "",
            "option": [
                {
                    "value": ""
                },
                {
                    "value": "right"
                },
                {
                    "value": "left"
                }
            ]
        }
    },
    "content": "<div label='ToolBarButton'></div>",
    "title": {
        "type": "text/html",
        "value": "<p>A button widget which is placed in the Heading widget.</p>"
    },
    "description": {
        "type": "text/html",
        "value": "<p>ToolBarButton is a button which is typically placed in the\nHeading widget. It is a subclass of dojox/mobile/_ItemBase just\nlike ListItem or IconItem. So, unlike Button, it has basically\nthe same capability as ListItem or IconItem, such as icon\nsupport, transition, etc.</p>"
    }
}