{
    "id": "http://dojotoolkit.org/dojox/mobile/ValuePicker",
    "name": "dojox.mobile.ValuePicker",
    "spec": "1.0",
    "version": "1.8",
    "require": [
        {
            "type": "javascript-module",
            "format": "amd",
            "src": "dojox/mobile",
            "$library": "dojo"
        },
        {
            "type": "javascript-module",
            "format": "amd",
            "src": "dojox/mobile/deviceTheme",
            "$library": "dojo"
        },
        {
            "type": "javascript-module",
            "format": "amd",
            "src": "dojox/mobile/ValuePicker",
            "$library": "dojo"
        }
    ],
    "library": {
        "dojo": {
            "src": "../../../dojo/dojo.js"
        }
    },
    "property": {},
    "content": "<div></div>",
    "title": {
        "type": "text/html",
        "value": "<p>A value picker that has stepper.</p>"
    },
    "description": {
        "type": "text/html",
        "value": "<p>ValuePicker is a widget for selecting some values. The values\ncan be selected by the Plus button, the Minus button, or the\ninput field.</p>"
    }
}