{
    "id": "http://dojotoolkit.org/dojox/mobile/ValuePickerTimePicker",
    "name": "dojox.mobile.ValuePickerTimePicker",
    "spec": "1.0",
    "version": "1.8",
    "require": [
        {
            "type": "javascript-module",
            "format": "amd",
            "src": "dojox/mobile",
            "$library": "dojo"
        },
        {
            "type": "javascript-module",
            "format": "amd",
            "src": "dojox/mobile/deviceTheme",
            "$library": "dojo"
        },
        {
            "type": "javascript-module",
            "format": "amd",
            "src": "dojox/mobile/ValuePickerTimePicker",
            "$library": "dojo"
        }
    ],
    "library": {
        "dojo": {
            "src": "../../../dojo/dojo.js"
        }
    },
    "property": {
        "readOnly": {
            "datatype": "boolean",
            "defaultValue": false
        },
        "is24h": {
            "datatype": "boolean",
            "defaultValue": false
        }
    },
    "content": "<div></div>",
    "title": {
        "type": "text/html",
        "value": "<p>A ValuePicker-based time picker widget.</p>"
    },
    "description": {
        "type": "text/html",
        "value": "<p>ValuePickerTimePicker is a time picker widget. It is a subclass of\ndojox.mobile.ValuePicker. It has two slots: hour and minute.</p>"
    }
}