{
    "id": "http://dojotoolkit.org/dojox/mobile/ValuePickerSlot",
    "name": "dojox.mobile.ValuePickerSlot",
    "spec": "1.0",
    "version": "1.8",
    "require": [
        {
            "type": "javascript-module",
            "format": "amd",
            "src": "dojox/mobile",
            "$library": "dojo"
        },
        {
            "type": "javascript-module",
            "format": "amd",
            "src": "dojox/mobile/deviceTheme",
            "$library": "dojo"
        },
        {
            "type": "javascript-module",
            "format": "amd",
            "src": "dojox/mobile/ValuePickerSlot",
            "$library": "dojo"
        }
    ],
    "library": {
        "dojo": {
            "src": "../../../dojo/dojo.js"
        }
    },
    "property": {
        "items": {
            "datatype": "array",
            "defaultValue": "[]",
            "hidden": true
        },
        "labels": {
            "datatype": "array",
            "defaultValue": "[]"
        },
        "labelFrom": {
            "datatype": "number",
            "defaultValue": 0
        },
        "labelTo": {
            "datatype": "number",
            "defaultValue": 0
        },
        "step": {
            "datatype": "number",
            "defaultValue": 1
        },
        "zeroPad": {
            "datatype": "number",
            "defaultValue": 0
        },
        "value": {
            "datatype": "string",
            "defaultValue": ""
        }
    },
    "content": "<div></div>",
    "title": {
        "type": "text/html",
        "value": "<p>A widget representing one slot of a ValuePicker widget.</p>"
    }
}